Company-Year,Sector,stock_FinancialYEnd,stock_FollowingQtrEnd,BasicEPS,total shareholder's equity,Basic avg shares,NetIncomeAvailShareholders,ESG Risk Exposure Score,ESG Risk Managed Score,Sustainalytics ESG Risk Classification
ADM-2020,Consumer Staples,52.45191192626953,56.15447616577149,3.19,"20,000,000","556,000","1,772,000",58.75,24.183,7
ADM-2021,Consumer Staples,85.06822204589844,73.5248794555664,4.84,"22,477,000","560,000","2,709,000",58.933,24.282,7
ADM-2022,Consumer Staples,76.50296020507812,72.962646484375,7.93,"24,284,000","547,000","4,340,000",60.1,23.715,7
ADM-2023,Consumer Staples,61.71709060668945,59.95989227294922,6.44,"24,132,000","541,000","3,483,000",57.162,24.278,7
AEE-2020,Utilities,73.43846893310547,72.78661346435547,3.53,"8,938,000","247,000","871,000",64.695,28.425,7.545
AEE-2021,Utilities,86.90641784667969,84.310302734375,3.86,"9,700,000","256,300","990,000",62.688,31.554,5.833
AEE-2022,Utilities,82.19402313232422,78.29534912109375,4.16,"10,508,000","258,400","1,074,000",62.729,33.473,5
AEE-2023,Utilities,72.60014343261719,70.44337463378906,4.39,"11,349,000","262,800","1,152,000",63.933,35.387,5
AEP-2020,Utilities,73.69889831542969,74.28199005126953,4.44,"20,550,900","495,718","2,200,100",72.2,38.438,7
AEP-2021,Utilities,89.92811584472656,87.23026275634766,4.97,"22,433,200","500,522","2,488,100",68.025,35.229,7
AEP-2022,Utilities,84.82612609863281,79.22364044189453,4.51,"23,893,400","511,842","2,307,200",62.925,34.727,6
AEP-2023,Utilities,83.53663635253906,86.1076889038086,4.26,"25,246,700","518,904","2,208,100",61.279,35.737,5
AES-2020,Utilities,23.92090797424316,23.41464805603028,0.07,"2,634,000","657,143","46,000",72,38.682,7
AES-2021,Utilities,23.52151298522949,19.34463310241699,-0.61,"2,798,000","670,492","-409,000",78.058,43.244,7
AES-2022,Utilities,22.63325881958008,19.60758399963379,-0.82,"2,437,000","665,854","-546,000",74.837,40.493,7
AES-2023,Utilities,17.40439224243164,17.2306022644043,0.37,"2,488,000","669,000","249,000",71.383,40.15,6.333
AKAM-2020,Information Technology,101.9000015258789,116.5999984741211,3.43,"4,251,296","162,490","557,054",34.95,13.797,5
AKAM-2021,Information Technology,119.3899993896484,91.33000183105467,4.01,"4,530,014","162,665","651,642",35.375,14.678,4.5
AKAM-2022,Information Technology,78.30000305175781,89.87000274658203,3.29,"4,360,187","159,089","523,672",36.208,17.528,3
AKAM-2023,Information Technology,108.7600021362305,90.08000183105467,3.59,"4,597,155","152,510","547,629",37.108,20.677,3
ALB-2020,Materials,141.7695007324219,163.8751831054688,3.53,"4,268,227","106,402","375,764",55.073,18.23,7
ALB-2021,Materials,216.3252410888672,204.8438262939453,1.07,"5,625,266","115,841","123,672",55.113,18.207,7
ALB-2022,Materials,217.6294708251953,220.0584106445312,22.97,"7,982,627","117,120","2,689,816",56.033,27.128,5
ALB-2023,Materials,130.8357391357422,95.1669692993164,13.41,"9,412,180","117,317","1,573,476",56.375,29.455,5
ALGN-2020,Health Care,541.530029296875,611,22.55,"3,233,865","78,760","1,775,888",27.7,7.253,5
ALGN-2021,Health Care,436,236.6699981689453,9.78,"3,622,714","78,917","772,020",27.7,7.713,4.167
ALGN-2022,Health Care,334.1400146484375,353.6400146484375,4.62,"3,601,358","78,190","361,573",27.175,7.711,3.5
ALGN-2023,Health Care,327.9200134277344,241.4299926757812,5.82,"3,630,489","76,426","445,053",27,7.742,3
ALLE-2020,Industrials,119.8752212524414,133.3359375,3.41,"829,400","92,300","314,300",35.05,11.397,5
ALLE-2021,Industrials,105.9162139892578,94.8015365600586,5.37,"759,100","89,900","483,000",35.008,12.132,5
ALLE-2022,Industrials,104.2212905883789,117.6986618041992,5.20,"941,800","88,000","458,000",35.45,11.849,5
ALLE-2023,Industrials,133.6822814941406,117.674072265625,6.15,"1,318,300","87,900","540,400",37.55,15.23,5
AME-2020,Industrials,124.8592147827148,130.7139434814453,3.80,"5,949,346","229,435","872,439",38.45,9.568,5
AME-2021,Industrials,130.9798583984375,108.2594833374023,4.29,"6,871,884","230,955","990,053",38.45,12.483,5
AME-2022,Industrials,143.9048767089844,160.5777435302734,5.04,"7,476,512","231,536","1,159,542",38.075,13.712,5
AME-2023,Industrials,182.3220520019531,166.4416198730469,5.70,"8,730,191","230,519","1,313,188",38.125,14.284,5
AMGN-2020,Health Care,222.7806396484375,219.8728179931641,12.40,"9,409,000","586,000","7,264,000",38.3,17.31,5
AMGN-2021,Health Care,223.2203826904297,226.5121765136719,10.34,"6,700,000","570,000","5,893,000",38.025,18.674,3.167
AMGN-2022,Health Care,230.2042846679688,213.281005859375,12.18,"3,661,000","538,000","6,552,000",38.383,17.196,4.667
AMGN-2023,Health Care,280.125,310.2464904785156,12.56,"6,232,000","535,000","6,717,000",38.55,16.587,5
AMT-2020,Real Estate,217.1354064941407,245.3650360107422,3.81,"4,093,500","443,640","1,690,600",26.55,8.939,3
AMT-2021,Real Estate,232.6863555908203,236.7339630126953,5.69,"5,081,200","451,498","2,567,700",24.267,12.033,3
AMT-2022,Real Estate,194.2323608398437,184.3468322753907,3.83,"5,572,400","461,519","1,765,800",23.35,12.468,3
AMT-2023,Real Estate,194.2186584472656,191.0634307861328,3.18,"4,198,200","466,063","1,483,300",24.588,13.697,3
ANET-2020,Information Technology,75.47250366210938,90.57749938964844,2.09,"3,320,291","303,936","634,557",27.9,9.2,3
ANET-2021,Information Technology,138.9799957275391,93.73999786376952,2.74,"3,978,600","306,512","840,854",27.9,10.145,3
ANET-2022,Information Technology,167.8600006103516,162.0599975585938,4.41,"4,885,820","306,473","1,352,446",27.9,11.147,3
ANET-2023,Information Technology,289.9800109863281,350.4800109863281,6.75,"7,219,059","309,354","2,087,321",27.9,11.388,3
ANSS-2020,Information Technology,339.5599975585937,347.0599975585937,5.05,"4,097,872","85,840","433,887",28.25,12.853,3
ANSS-2021,Information Technology,317.6499938964844,239.2899932861328,5.22,"4,484,048","87,100","454,627",28.204,13.322,3
ANSS-2022,Information Technology,332.7999877929688,330.2699890136719,6.02,"4,865,851","87,051","523,710",27.7,14.586,3
ANSS-2023,Information Technology,347.1600036621094,321.5,5.76,"5,390,364","86,833","500,412",29.9,15.463,3
APH-2020,Information Technology,31.8934440612793,33.14781951904297,1.01,"5,384,900","1,192,000","1,203,400",34.4,10.538,5
APH-2021,Information Technology,36.74992752075195,31.48165702819824,1.33,"6,302,000","1,195,800","1,590,800",33.758,11.353,5
APH-2022,Information Technology,40.30868911743164,42.01679611206055,1.59,"7,015,600","1,192,400","1,902,300",33.3,11.792,5
APH-2023,Information Technology,57.46736526489258,67.26284790039062,1.61,"8,346,500","1,193,000","1,928,000",34.175,13.992,3.5
ARE-2020,Real Estate,145.8234252929688,162.5269927978516,6.03,"11,725,712","126,106","760,791",26.25,11.135,3
ARE-2021,Real Estate,182.8797607421875,132.5437316894531,3.83,"16,189,542","146,921","563,399",26.25,11.079,3
ARE-2022,Real Estate,117.6902160644531,107.4076919555664,3.18,"18,972,387","161,659","513,268",26.367,11.712,3
ARE-2023,Real Estate,126.1666259765625,115.6635284423828,0.54,"18,471,175","170,909","92,444",26.6,12.737,3
AVB-2020,Real Estate,164.0546569824219,187.1422424316407,5.89,"10,751,583","140,426","825,675",24.55,12.328,3
AVB-2021,Real Estate,227.4587097167969,178.997314453125,7.19,"10,932,527","139,681","1,002,199",24.717,13.63,3
AVB-2022,Real Estate,159.0364379882812,180.9483337402344,8.13,"11,253,476","139,892","1,134,684",25.125,14.795,2.833
AVB-2023,Real Estate,182.2992858886719,205.1851501464844,6.56,"11,783,241","141,307","927,162",25.742,15.85,2
AVY-2020,Materials,173.9944610595703,199.880874633789,6.66,"1,484,900","83,151","555,900",30.2,11.588,3
AVY-2021,Materials,166.9355621337891,155.9265899658203,8.94,"1,924,400","82,606","740,100",30.2,12.268,3
AVY-2022,Materials,174.4947357177734,168.2352447509766,9.28,"2,032,200","81,600","757,100",31.117,15.38,3
AVY-2023,Materials,221.5528717041016,217.8041229248047,6.25,"2,127,900","80,496","503,000",32.3,16.373,3
AWK-2020,Utilities,140.8086090087891,145.2498168945312,3.91,"6,454,000","181,000","709,000",54.95,25.868,5
AWK-2021,Utilities,157.7078247070312,142.2915649414062,6.96,"7,298,000","182,000","1,263,000",54.275,26.275,5
AWK-2022,Utilities,141.9931793212891,138.9490661621094,4.51,"7,693,000","182,000","820,000",53.867,26.699,5
AWK-2023,Utilities,120.8178100585938,128.4308013916016,4.90,"9,797,000","193,000","944,000",51.85,30.118,5
AXP-2020,Financials,134.7503356933594,158.4420013427734,3.77,"22,984,000","805,000","3,036,000",37.15,15.826,4.167
AXP-2021,Financials,180.232437133789,133.9386138916016,10.04,"22,177,000","789,000","7,917,000",37.696,18.063,3.167
AXP-2022,Financials,161.0424041748047,170.6627655029297,9.86,"24,711,000","751,000","7,400,000",38.55,19.427,3.5
AXP-2023,Financials,225.5838623046875,230.1492919921875,11.23,"28,057,000","735,000","8,252,000",38.55,19.938,3
BALL-2020,Materials,81.36012268066406,77.92401123046875,1.79,"3,275,000","326,260","585,000",30.3,15.048,3
BALL-2021,Materials,87.08357238769531,66.68829345703125,2.69,"3,627,000","325,989","878,000",30.3,16.173,3
BALL-2022,Materials,53.9736442565918,57.21369552612305,2.27,"3,461,000","316,433","719,000",29.475,17.867,3
BALL-2023,Materials,66.9521255493164,59.84710693359375,2.25,"3,769,000","314,775","707,000",31.183,19.551,3
BIO-2020,Health Care,571.1699829101562,644.2899780273438,128.13,"9,879,940","29,768","3,814,229",30.233,8.757,5
BIO-2021,Health Care,563.22998046875,495,142.61,"13,685,236","29,831","4,254,257",30.35,9.562,5
BIO-2022,Health Care,479.0199890136719,379.1199951171875,-121.79,"9,615,252","29,785","-3,627,535",28.867,11.268,3.333
BIO-2023,Health Care,345.8699951171875,273.1099853515625,-21.82,"8,741,133","29,209","-637,324",28.012,10.836,3
BK-2020,Financials,42.10107803344727,45.95890808105469,3.84,"45,801,000","890,839","3,417,000",43.196,20.382,5
BK-2021,Financials,45.37885284423828,38.36070251464844,4.17,"43,034,000","851,799","3,550,000",47.625,25.158,5
BK-2022,Financials,42.86501693725586,42.31720733642578,2.91,"40,734,000","811,068","2,362,000",49.342,27.758,5
BK-2023,Financials,56.33713531494141,59.01018905639648,3.89,"40,874,000","784,069","3,051,000",50.217,29.706,4.5
BKR-2020,Energy,19.53232002258301,20.84107971191406,-14.73,"12,893,000","675,000","-9,940,000",47.7,25.56,5
BKR-2021,Energy,33.94528961181641,27.10074806213379,-0.27,"14,830,000","824,000","-219,000",48.492,27.396,5
BKR-2022,Energy,27.61410522460937,30.42957496643066,-0.61,"14,394,000","987,000","-601,000",48.721,26.967,5
BKR-2023,Energy,32.83813095092773,34.72608184814453,1.93,"15,368,000","1,008,000","1,943,000",48.454,25.016,5
BMY-2020,Health Care,55.59808731079102,59.30686569213867,-3.99,"37,822,000","2,258,000","-9,015,000",47.963,20.293,5
BMY-2021,Health Care,65.82957458496094,70.5330581665039,3.25,"35,946,000","2,153,000","6,994,000",38.725,15.971,5
BMY-2022,Health Care,64.41676330566406,59.90537261962891,2.97,"31,061,000","2,130,000","6,327,000",38.8,16.136,5
BMY-2023,Health Care,52.19776153564453,40.43759536743164,3.88,"29,430,000","2,069,000","8,025,000",39.671,16.999,5
BRO-2020,Financials,44.54298400878906,51.89364242553711,1.70,"3,754,223","274,334","465,300",32.75,8.272,5
BRO-2021,Financials,70.93604278564453,57.34992980957031,2.08,"4,196,900","276,024","574,200",33.158,8.771,5
BRO-2022,Financials,56.74468231201172,68.16459655761719,2.38,"4,606,600","277,521","659,100",33.45,11.023,5
BRO-2023,Financials,87.1419906616211,89.15292358398438,3.07,"5,578,800","279,600","857,200",33.533,12.42,5
BSX-2020,Health Care,38.65000152587891,42.7599983215332,-0.12,"15,327,000","1,416,700","-115,000",51.442,19.168,7
BSX-2021,Health Care,44.29000091552734,37.27000045776367,0.69,"16,623,000","1,422,300","985,000",48.571,20.936,5.5
BSX-2022,Health Care,50.02999877929688,54.09000015258789,0.45,"17,574,000","1,430,500","642,000",47.15,21.036,5
BSX-2023,Health Care,68.48999786376953,77.01000213623047,1.08,"19,281,000","1,453,000","1,570,000",46.617,21.292,5
BXP-2020,Real Estate,84.5732650756836,96.62525177001952,5.54,"5,996,083","155,432","861,479",27.6,13.398,3
BXP-2021,Real Estate,111.4305572509766,77.5540771484375,3.18,"5,834,020","156,121","496,223",27.35,13.657,3
BXP-2022,Real Estate,49.024658203125,53.14792251586914,5.42,"6,132,919","156,724","848,056",27.15,14.123,3
BXP-2023,Real Estate,63.23258590698242,60.57391357421875,1.21,"5,876,697","156,864","190,215",27.175,14.673,3
CB-2020,Financials,149.1248931884766,150.7183837890625,7.84,"59,441,000","450,733","3,533,000",38.129,14.116,5
CB-2021,Financials,205.5526733398437,189.6276245117188,20.02,"59,714,000","426,573","8,525,000",38.1,14.392,5
CB-2022,Financials,189.6331939697266,188.8876953125,12.81,"50,519,000","414,595","5,246,000",38.671,14.735,5
CB-2023,Financials,257.3806457519531,254.1981048583984,21.97,"59,507,000","410,845","9,028,000",39.012,15.211,5
CBOE-2020,Financials,94.199462890625,114.1105041503906,4.28,"3,348,900","109,100","467,000",29.65,8.324,4.818
CBOE-2021,Financials,110.9273147583008,110.1858673095703,4.93,"3,604,800","107,000","527,300",30.175,11.263,3
CBOE-2022,Financials,132.3314514160156,136.5743865966797,2.20,"3,465,300","106,300","234,100",32.096,12.539,3.167
CBOE-2023,Financials,183.729995727539,170.0599975585938,7.16,"3,985,000","105,800","757,500",35.9,14.965,5
CCI-2020,Real Estate,147.8323974609375,169.0032653808594,2.36,"9,461,000","423,000","999,000",27.7,7.728,4.5
CCI-2021,Real Estate,163.3214721679688,150.2431335449219,2.54,"8,258,000","432,000","1,096,000",25.45,10.955,3
CCI-2022,Real Estate,122.8731918334961,105.8726806640625,3.87,"7,449,000","433,000","1,675,000",24.817,12.162,2.667
CCI-2023,Real Estate,102.6900863647461,96.16838836669922,3.46,"6,381,000","434,000","1,502,000",25.737,15.453,1.667
CDNS-2020,Information Technology,136.9900054931641,136.8200073242188,2.16,"2,493,018","273,728","590,644",30.85,13.723,3
CDNS-2021,Information Technology,164.4600067138672,150.0299987792969,2.54,"2,740,675","273,504","695,955",29.421,14.702,3
CDNS-2022,Information Technology,210.0899963378907,234.5200042724609,3.13,"2,745,113","271,198","848,952",28.9,16.155,3
CDNS-2023,Information Technology,311.2799987792969,307.75,3.86,"3,404,271","269,381","1,041,144",30.679,18.592,3
CDW-2020,Information Technology,159.4614868164062,168.4525299072266,5.53,"1,297,100","142,600","788,500",16.6,5.544,3
CDW-2021,Information Technology,173.7485198974609,153.4853973388672,7.14,"705,700","138,500","988,600",16.633,6.36,2.333
CDW-2022,Information Technology,191.5565643310547,180.8845825195312,8.24,"1,603,300","135,200","1,114,500",16.7,7.545,1
CDW-2023,Information Technology,254.4698944091797,223.2526245117188,8.20,"2,042,500","134,600","1,104,300",16.617,7.463,1
CE-2020,Materials,138.3646087646484,140.7697296142578,16.85,"3,526,000","117,800","1,985,000",52.409,22.371,5.727
CE-2021,Materials,134.4152984619141,111.1443405151367,16.99,"4,189,000","111,224","1,890,000",52.975,22.606,6.5
CE-2022,Materials,104.7881622314453,112.0850601196289,17.48,"5,637,000","108,380","1,894,000",53.2,23.722,5.333
CE-2023,Materials,169.4341888427734,133.6008911132812,18.01,"7,091,000","108,849","1,960,000",51.363,24.407,5
CF-2020,Materials,42.17963027954102,48.15627670288086,1.48,"2,922,000","214,900","317,000",63.508,21.486,8.167
CF-2021,Materials,98.0638656616211,81.89414978027344,4.27,"3,206,000","215,000","917,000",61.621,28.707,7
CF-2022,Materials,70.0738754272461,67.41669464111328,16.45,"5,051,000","203,300","3,346,000",58.525,27.899,6.333
CF-2023,Materials,82.1131820678711,73.62094116210938,7.89,"5,717,000","193,300","1,525,000",57.442,27.787,5.5
CFG-2020,Financials,37.43098831176758,39.3011474609375,2.22,"22,673,000","427,063","950,000",40.6,13.315,5
CFG-2021,Financials,39.85231399536133,31.6152400970459,5.18,"23,420,000","425,669","2,206,000",41.6,16.62,5
CFG-2022,Financials,27.76057624816895,24.07273483276367,4.12,"23,690,000","475,960","1,960,000",41.9,19.358,5
CFG-2023,Financials,35.07041549682617,35.25130462646484,3.14,"24,342,000","475,089","1,491,000",42.725,19.31,5
CHD-2020,Consumer Staples,83.82141876220703,82.02835083007812,3.18,"3,020,400","246,800","785,900",43.25,18.446,5
CHD-2021,Consumer Staples,96.4948501586914,90.21229553222656,3.38,"3,233,200","244,900","827,500",42.95,20.436,4.833
CHD-2022,Consumer Staples,86.87364196777344,98.81172943115234,1.70,"3,489,900","242,900","413,900",39.65,19.974,3
CHD-2023,Consumer Staples,103.7316665649414,103.4051971435547,3.09,"3,855,400","244,900","755,600",40.887,20.442,4.333
CHTR-2020,Communication Services,617.02001953125,721.4500122070312,15.85,"23,805,000","203,316","3,222,000",28.15,8.101,4.167
CHTR-2021,Communication Services,545.52001953125,468.5299987792969,25.34,"14,050,000","183,669","4,654,000",33.933,11.113,5
CHTR-2022,Communication Services,357.6099853515625,367.3699951171875,31.30,"9,119,000","161,501","5,055,000",42.354,16.717,5
CHTR-2023,Communication Services,290.6300048828125,298.9599914550781,30.54,"11,086,000","149,208","4,557,000",43.3,18.891,5
CL-2020,Consumer Staples,72.12767791748047,74.84884643554688,3.15,"743,000","856,800","2,695,000",40.365,18.407,5
CL-2021,Consumer Staples,70.96791076660156,75.40898132324219,2.56,"609,000","845,000","2,166,000",39.6,18.104,5
CL-2022,Consumer Staples,72.03397369384766,74.3100357055664,2.13,"401,000","836,400","1,785,000",41.767,19.702,5
CL-2023,Consumer Staples,88.5473403930664,95.99073791503906,2.78,"609,000","827,400","2,300,000",43.5,19.703,5
CMCSA-2020,Communication Services,49.20186614990234,52.08507537841797,2.30,"90,323,000","4,580,656","10,534,000",28.3,8.667,3
CMCSA-2021,Communication Services,43.33933258056641,36.50269317626953,3.12,"96,092,000","4,533,230","14,159,000",30.688,10.1,3.5
CMCSA-2022,Communication Services,36.02129364013672,39.78713607788086,1.27,"80,943,000","4,220,119","5,370,000",38.1,13.355,5
CMCSA-2023,Communication Services,42.40029525756836,38.55708312988281,3.87,"82,703,000","3,978,762","15,388,000",41.55,18.408,5
CMI-2020,Industrials,236.639877319336,223.9168243408203,12.07,"8,062,000","148,200","1,789,000",44.345,25.655,3
CMI-2021,Industrials,191.7423706054688,182.0994720458984,14.74,"8,146,000","144,600","2,131,000",44.4,26.068,3
CMI-2022,Industrials,229.3734436035156,236.8909606933593,15.20,"8,975,000","141,500","2,151,000",44.8,25.433,3
CMI-2023,Industrials,291.0554504394531,275.3089904785156,5.19,"8,850,000","141,700","735,000",44.875,25.649,3
CNC-2020,Health Care,63.90999984741211,72.93000030517578,3.17,"25,773,000","570,722","1,808,000",36.05,9.74,5
CNC-2021,Health Care,84.19000244140625,84.61000061035156,2.31,"26,795,000","582,832","1,347,000",35.887,13.296,5
CNC-2022,Health Care,63.20999908447266,67.44999694824219,2.09,"24,057,000","575,191","1,202,000",36.658,15.359,5
CNC-2023,Health Care,78.4800033569336,66.30000305175781,4.97,"25,840,000","543,319","2,702,000",36.8,16.61,3.833
COP-2020,Energy,46.42637634277344,53.86697006225586,-2.51,"29,849,000","1,078,030","-2,707,000",70.817,40.262,5.833
COP-2021,Energy,90.61166381835938,82.0320816040039,6.09,"45,406,000","1,324,194","8,060,000",72.333,36.638,7
COP-2022,Energy,94.4112777709961,99.65080261230467,14.62,"48,003,000","1,274,028","18,620,000",68.3,33.402,7
COP-2023,Energy,125.5795593261719,113.6569519042969,9.08,"49,279,000","1,202,757","10,922,000",70.717,36.244,7
CPAY-2020,Financials,268.6300048828125,256.0599975585937,8.38,"3,355,411","84,005","704,216",28.95,9.302,3.5
CPAY-2021,Financials,249.0599975585937,210.1100006103516,10.23,"2,866,580","82,060","839,497",29.95,11.825,3
CPAY-2022,Financials,210.8500061035156,251.0800018310547,12.62,"2,541,493","75,598","954,327",31.267,13.298,3
CPAY-2023,Financials,308.5400085449219,266.4100036621094,13.42,"3,282,359","73,155","981,890",32.85,14.807,3
CPT-2020,Real Estate,98.20367431640624,119.4302520751953,1.24,"3,444,905","99,385","123,650",26.2,7.95,3
CPT-2021,Real Estate,152.1175842285156,123.7642822265625,2.97,"4,197,490","101,999","303,362",25.9,9.5,3
CPT-2022,Real Estate,98.72320556640624,103.526725769043,6.07,"4,986,620","107,605","652,623",27.3,11.437,3
CPT-2023,Real Estate,96.43385314941406,108.0859146118164,3.71,"4,980,757","108,653","402,663",27.937,11.907,3
CSGP-2020,Real Estate,82.18900299072266,82.81999969482422,0.60,"5,375,359","380,730","227,128",34.65,8.347,5
CSGP-2021,Real Estate,66.61000061035156,60.40999984741211,0.75,"5,711,672","392,210","292,600",34.65,7.915,5
CSGP-2022,Real Estate,68.8499984741211,89,0.93,"6,870,000","396,284","369,500",36.083,9.355,5
CSGP-2023,Real Estate,96.5999984741211,74.13999938964844,0.92,"7,338,600","405,300","374,700",36.4,12.878,5
CSX-2020,Industrials,30.7402572631836,30.77516746520996,1.21,"13,101,000","2,289,000","2,765,000",37.745,15.986,4.636
CSX-2021,Industrials,36.22233200073242,28.19126892089844,1.72,"13,490,000","2,202,000","3,781,000",37.938,19.256,3.167
CSX-2022,Industrials,29.31903839111328,33.51263809204102,2.02,"12,615,000","2,066,000","4,166,000",37.55,17.38,5
CSX-2023,Industrials,36.81965255737305,33.32946014404297,1.85,"12,128,000","2,008,000","3,715,000",40.717,18.88,5
CTRA-2020,Energy,15.26503849029541,14.26876926422119,0.50,"2,216,000","399,000","201,000",66.1,16.192,9
CTRA-2021,Energy,23.19742202758789,22.68036651611328,2.30,"11,738,000","503,000","1,155,000",65.9,18.124,9
CTRA-2022,Energy,23.08518600463867,24.35794639587402,5.09,"12,659,000","796,000","4,057,000",65.237,18.904,9
CTRA-2023,Energy,27.45288276672364,26.47111129760743,2.14,"13,039,000","756,000","1,620,000",63.967,24.63,7.667
CTSH-2020,Information Technology,74.0518569946289,65.86093139648438,2.58,"10,836,000","540,000","1,392,000",36.3,15.215,4.5
CTSH-2021,Information Technology,86.08234405517578,64.98596954345703,4.06,"11,991,000","527,000","2,137,000",32.213,13.64,3.5
CTSH-2022,Information Technology,59.39743804931641,63.91412734985352,4.42,"12,309,000","518,000","2,290,000",30.85,14.969,3
CTSH-2023,Information Technology,72.69676208496094,67.7099380493164,4.21,"13,227,000","505,000","2,126,000",30.85,16.298,3
CTVA-2020,Materials,44.81769180297852,42.75799560546875,0.91,"24,824,000","748,700","681,000",61.1,12.545,9
CTVA-2021,Materials,55.91080856323242,52.80459213256836,2.39,"25,384,000","735,900","1,759,000",61.821,16.778,9
CTVA-2022,Materials,59.2566032409668,56.43547439575195,1.59,"25,302,000","720,800","1,147,000",62.354,22.637,8.5
CTVA-2023,Materials,57.33525848388672,53.7846908569336,1.04,"25,037,000","709,000","735,000",58,21.191,7
CVX-2020,Energy,90.5629425048828,91.79926300048828,-2.96,"131,688,000","1,870,027","-5,543,000",76.45,36.072,8.667
CVX-2021,Energy,148.0988311767578,133.0643463134766,8.15,"139,067,000","1,915,989","15,625,000",73.5,32.826,8.833
CVX-2022,Energy,153.7446136474609,149.5805969238281,18.36,"159,282,000","1,931,486","35,465,000",70.929,30.483,8
CVX-2023,Energy,154.4774780273438,154.8562774658203,11.41,"160,957,000","1,872,737","21,369,000",70.171,32.934,7
D-2020,Utilities,65.37915802001953,63.90065765380859,-0.50,"26,117,000","806,000","-466,000",68.291,35.443,7
D-2021,Utilities,75.68745422363281,71.68855285644531,4.06,"27,308,000","810,000","3,331,000",64.637,36.187,5
D-2022,Utilities,51.60552597045898,48.39327239990234,1.19,"27,659,000","835,000","1,228,000",60.383,34.423,5
D-2023,Utilities,47.90469360351562,48.38818740844727,2.29,"27,529,000","836,400","1,913,000",60.317,33.899,5
DD-2020,Materials,72.37274932861328,72.8076400756836,-4.01,"38,504,000","735,500","-2,951,000",58.15,25.669,7
DD-2021,Materials,70.0094223022461,53.11483764648438,2.17,"26,433,000","542,700","6,467,000",58.075,27.965,6.833
DD-2022,Materials,69.6406021118164,69.66433715820312,11.63,"26,569,000","498,500","5,868,000",56.371,27.467,5
DD-2023,Materials,75.89726257324219,80.11617279052734,0.94,"24,279,000","449,900","423,000",56.483,27.822,5
DHR-2020,Health Care,196.8545379638672,234.9319610595703,4.97,"39,766,000","706,200","3,510,000",46.35,13.63,7
DHR-2021,Health Care,257.3372497558594,222.6066436767578,8.77,"45,167,000","714,600","6,269,000",34.088,12.597,4
DHR-2022,Health Care,221.9545135498047,211.582534790039,9.80,"50,082,000","725,100","7,103,000",29.95,15.208,3
DHR-2023,Health Care,249.1810913085937,249.582046508789,6.44,"53,486,000","736,500","4,743,000",30.008,18.178,3
DLR-2020,Real Estate,123.8510665893555,133.4587097167969,1.01,"17,717,697","260,099","263,342",27.1,12.796,3
DLR-2021,Real Estate,128.5099029541016,118.729362487793,5.95,"18,004,568","282,475","1,681,498",27.392,13.857,3
DLR-2022,Real Estate,92.72447967529295,108.6517791748047,1.18,"17,583,334","286,334","336,960",27.45,14.532,3
DLR-2023,Real Estate,141.6556091308594,150.8113555908203,3.04,"19,117,534","298,603","908,114",27,14.405,3
DOC-2020,Real Estate,26.45598602294922,28.02607345581055,0.77,"6,733,723","530,555","411,147",25.4,14.929,3
DOC-2021,Real Estate,29.65793991088867,22.58671188354492,0.93,"6,515,470","538,930","502,271",25.4,14.672,3
DOC-2022,Real Estate,19.80221366882324,18.31855010986328,0.92,"6,654,701","538,809","497,792",25.55,15.543,1.5
DOC-2023,Real Estate,17.88823699951172,19.02456283569336,0.56,"6,350,446","547,006","304,284",27.25,16.221,1.667
DOV-2020,Industrials,130.7264709472656,144.1359558105469,4.74,"3,385,773","144,050","683,451",45.95,14.258,6.5
DOV-2021,Industrials,151.5416564941406,117.5550918579102,7.81,"4,189,528","143,923","1,123,818",45.387,17.846,5
DOV-2022,Industrials,148.9078674316406,145.1975708007812,7.47,"4,286,366","142,681","1,065,376",44.6,19.45,5
DOV-2023,Industrials,176.143310546875,179.9433135986328,7.56,"5,106,605","139,848","1,056,828",45.417,19.509,5
DOW-2020,Materials,53.88549423217773,53.92191696166992,1.64,"12,435,000","740,500","1,216,000",47.05,17.623,6.333
DOW-2021,Materials,56.12439727783203,46.00638198852539,8.44,"18,165,000","743,600","6,279,000",46.775,22.528,5
DOW-2022,Materials,50.73861312866211,49.899169921875,6.32,"20,718,000","721,000","4,558,000",49.35,24.53,5
DOW-2023,Materials,56.51155471801758,52.40293502807617,0.82,"18,607,000","705,700","578,000",44.825,22.213,5
DTE-2020,Utilities,101.0783233642578,99.2460708618164,7.09,"12,425,000","193,000","1,366,000",69.6,38.645,7
DTE-2021,Utilities,121.6724700927734,117.4611740112305,4.68,"8,705,000","193,000","905,000",67.833,38.464,6.333
DTE-2022,Utilities,103.799919128418,105.1724548339844,5.53,"10,397,000","195,000","1,080,000",64.921,39.093,5.167
DTE-2023,Utilities,110.083869934082,110.0002822875977,6.77,"11,050,000","206,000","1,394,000",71.283,41.382,5.667
DVN-2020,Energy,17.63837623596191,23.85400581359864,-7.12,"2,885,000","377,000","-2,680,000",72.375,38.039,7
DVN-2021,Energy,50.69132995605469,48.03813934326172,4.20,"9,262,000","663,000","2,813,000",71.2,38.948,7
DVN-2022,Energy,46.87574005126953,45.58496475219727,9.15,"11,167,000","657,250","6,015,000",72.533,37.377,7
DVN-2023,Energy,49.33404922485352,47.03746032714844,5.86,"12,061,000","639,000","3,747,000",73.758,38.822,7
ECL-2020,Materials,205.7684173583984,198.4261016845703,-4.20,"6,166,500","287,000","-1,205,100",51.864,22.606,6.455
ECL-2021,Materials,171.2142028808594,149.5847778320312,3.95,"7,224,200","286,300","1,129,900",53.05,27.806,5
ECL-2022,Materials,162.7243347167969,184.1571044921875,3.83,"7,236,100","285,200","1,091,700",54.483,30.532,5
ECL-2023,Materials,229.7796020507812,237.4421844482422,4.82,"8,044,700","285,000","1,372,300",53.05,33.193,3.167
EIX-2020,Utilities,50.20915603637695,50.09049606323242,1.98,"14,048,000","373,000","739,000",59.017,28.816,5.5
EIX-2021,Utilities,62.79589462280273,57.22515869140625,2.00,"15,888,000","380,000","759,000",57.267,28.879,5
EIX-2022,Utilities,66.08711242675781,65.71464538574219,1.61,"15,621,000","381,000","612,000",56.338,28.839,5
EIX-2023,Utilities,69.16812896728516,71.0363540649414,3.12,"15,501,000","383,000","1,197,000",57.046,29.491,5
EMN-2020,Materials,98.33441925048828,104.8679580688477,3.53,"6,023,000","135,500","478,000",53,28.032,5
EMN-2021,Materials,102.5289840698242,82.73123168945312,6.35,"5,704,000","134,900","857,000",53.2,28.812,5
EMN-2022,Materials,79.76527404785156,79.97171020507812,6.42,"5,153,000","123,500","793,000",52.8,28.304,5
EMN-2023,Materials,98.53862762451172,97.17253112792967,7.54,"5,458,000","118,600","894,000",52.908,28.083,5
ENPH-2020,Information Technology,162.1600036621094,183.6300048828125,1.07,"483,993","125,561","133,995",34.114,6.956,6
ENPH-2021,Information Technology,201.7799987792969,195.2400054931641,1.09,"430,168","134,025","145,449",40.983,11.367,5
ENPH-2022,Information Technology,210.2799987792969,167.4799957275391,2.94,"825,573","135,349","397,362",43.15,14.068,5
ENPH-2023,Information Technology,120.9800033569336,99.70999908447266,3.22,"983,624","136,376","438,936",38.871,16.371,5
EOG-2020,Energy,59.37989807128906,68.73814392089844,-1.04,"20,302,000","578,949","-605,000",66.633,20.884,8.833
EOG-2021,Energy,103.3659439086914,97.28312683105467,8.03,"22,180,000","581,000","4,664,000",67,28.037,7
EOG-2022,Energy,106.9279174804688,108.4229888916016,13.31,"24,779,000","583,000","7,759,000",63.1,26.913,7
EOG-2023,Energy,125.1127014160156,124.1583251953125,13.07,"28,090,000","581,000","7,594,000",63.875,29.177,7
EQR-2020,Real Estate,62.8884162902832,68.17317962646484,2.45,"10,525,651","371,791","910,546",26.75,11.569,3
EQR-2021,Real Estate,81.36146545410156,65.81304168701172,3.56,"10,954,948","373,833","1,329,760",25.946,13.768,3
EQR-2022,Real Estate,56.24427795410156,62.58880996704102,2.06,"11,173,439","376,209","773,821",25.4,14.318,3
EQR-2023,Real Estate,61.8307991027832,68.66499328613281,2.20,"11,085,828","378,773","832,348",26.442,14.657,3
EQT-2020,Energy,17.73714256286621,21.25020027160645,-3.71,"9,255,240","260,613","-958,799",69.458,31.551,7.167
EQT-2021,Energy,32.84903335571289,33.0300178527832,-3.58,"9,954,763","323,196","-1,142,747",70.5,31.641,7
EQT-2022,Energy,30.95889854431152,40.09303283691406,4.79,"11,172,474","370,048","1,770,965",69.533,32.402,7
EQT-2023,Energy,36.56961441040039,36.64871978759766,4.56,"14,773,200","380,902","1,735,232",69.2,33.334,7
ES-2020,Utilities,76.67485046386719,71.58674621582031,3.56,"14,063,566","338,836","1,205,167",57.775,34.795,5
ES-2021,Utilities,80.33283233642578,77.55941009521484,3.55,"14,599,844","343,973","1,220,527",51.596,29.969,4.833
ES-2022,Utilities,73.44452667236328,67.15769958496094,4.05,"15,473,158","346,783","1,404,875",43.8,24.803,3
ES-2023,Utilities,58.34521102905273,56.04419326782227,-1.27,"14,173,892","349,581","-442,240",46.154,27.42,3
EW-2020,Health Care,83.63999938964844,103.5699996948242,1.32,"4,574,300","622,600","823,400",43.512,23.737,3.167
EW-2021,Health Care,117.7200012207031,95.08999633789062,2.41,"5,835,900","623,300","1,503,100",43.437,24.48,3
EW-2022,Health Care,82.7300033569336,94.33000183105467,2.46,"5,806,700","619,000","1,521,900",42.804,23.448,3
EW-2023,Health Care,95.55999755859376,92.37000274658205,2.31,"6,650,000","606,700","1,402,400",43.037,22.76,3.5
EXC-2020,Utilities,27.63890647888184,28.27134323120117,2.01,"32,585,000","976,000","1,963,000",61.225,36.272,5
EXC-2021,Utilities,43.63804626464844,41.86703872680664,1.74,"34,393,000","979,000","1,706,000",60.038,35.397,5
EXC-2022,Utilities,39.60772323608398,38.85469818115234,2.18,"24,744,000","994,000","2,170,000",58.733,34.335,5
EXC-2023,Utilities,36.80314254760742,34.26688003540039,2.34,"25,755,000","996,000","2,328,000",58.292,35.043,5
FANG-2020,Energy,62.23037338256836,79.95523071289062,-28.59,"8,794,000","157,976","-4,517,000",69.9,19.687,9
FANG-2021,Energy,118.5150833129883,105.2043762207031,12.35,"12,088,000","176,643","2,182,000",70.2,23.234,9
FANG-2022,Energy,124.7084579467773,123.7169418334961,24.61,"15,009,000","176,539","4,386,000",70.5,24.712,9
FANG-2023,Energy,192.9616088867188,198.2256927490234,17.34,"16,625,000","179,999","3,143,000",73.917,33.267,7.667
FCX-2020,Materials,31.38607788085937,35.37009429931641,0.41,"10,174,000","1,458,000","599,000",76.25,36.499,8.167
FCX-2021,Materials,47.71343231201172,28.16141128540039,2.96,"13,980,000","1,457,000","4,306,000",73.808,39.095,7
FCX-2022,Materials,39.93047332763672,39.17191314697266,2.43,"15,555,000","1,430,000","3,468,000",72.9,40.434,7
FCX-2023,Materials,46.57409286499024,48.3145866394043,1.29,"16,693,000","1,435,000","1,848,000",72.158,40.584,7
FE-2020,Utilities,29.70097351074219,32.24671173095703,1.99,"7,237,000","542,000","1,079,000",63.429,24.935,7.167
FE-2021,Utilities,40.97950744628906,34.62143325805664,2.35,"8,675,000","545,000","1,283,000",61.05,26.54,7
FE-2022,Utilities,37.19730377197266,36.4614372253418,0.71,"10,166,000","571,000","406,000",61.075,30.884,5.333
FE-2023,Utilities,37.38836669921875,37.47372055053711,1.92,"10,437,000","573,000","1,102,000",57.004,30.465,5
FIS-2020,Financials,129.8118896484375,131.1419219970703,0.26,"49,300,000","619,000","158,000",29.35,10.657,3
FIS-2021,Financials,93.8369140625,86.10047149658203,0.68,"47,347,000","616,000","417,000",30.725,12.299,3
FIS-2022,Financials,51.89184188842773,52.68061065673828,-27.68,"27,218,000","604,000","-16,720,000",32.1,13.975,3
FIS-2023,Financials,73.4548110961914,75.0099868774414,-11.26,"19,093,000","591,000","-6,654,000",37.683,20.154,3
FMC-2020,Materials,101.5859527587891,99.79761505126952,4.24,"2,961,800","129,700","551,000",62.225,23.732,7
FMC-2021,Materials,123.1068954467773,100.5343551635742,5.72,"3,124,300","128,400","737,800",63.2,24.51,7
FMC-2022,Materials,116.4144058227539,99.93611145019533,5.83,"3,377,900","126,000","734,800",59.075,24.688,7
FMC-2023,Materials,62.46704483032227,56.96522521972656,10.55,"4,410,900","125,060","1,318,800",56.608,26.091,6.5
FSLR-2020,Information Technology,87.30000305175781,90.51000213623048,3.76,"5,520,928","105,867","398,355",50.908,29.503,5
FSLR-2021,Information Technology,83.73999786376953,68.12999725341797,4.41,"5,959,551","106,263","468,693",51.388,31.122,5
FSLR-2022,Information Technology,217.5,190.0899963378907,-0.41,"5,836,055","106,551","-44,166",50.287,31.297,3.5
FSLR-2023,Information Technology,168.8000030517578,225.4600067138672,7.78,"6,687,469","106,795","830,777",49.933,31.438,3
GE-2020,Industrials,64.53648376464844,66.20728302001953,4.64,"35,552,000","1,094,125","5,230,000",69.262,23.162,9
GE-2021,Industrials,56.3949089050293,39.27748107910156,-6.16,"40,310,000","1,098,000","-6,573,000",69.3,26.25,9
GE-2022,Industrials,75.8039779663086,87.18395233154297,0.05,"33,696,000","1,096,000","51,000",67.65,26.977,9
GE-2023,Industrials,139.6027221679688,158.4195556640625,8.44,"27,378,000","1,089,000","9,186,000",67.629,27.426,8.833
GILD-2020,Health Care,55.80970764160156,60.13920593261719,0.10,"18,202,000","1,257,000","123,000",38.3,15.699,5
GILD-2021,Health Care,53.52963256835938,56.36401748657227,4.96,"21,069,000","1,256,000","6,225,000",38.3,15.738,5
GILD-2022,Health Care,78.11637115478516,73.25247955322266,3.66,"21,240,000","1,255,000","4,592,000",38.617,16.292,5
GILD-2023,Health Care,71.62889099121094,67.77882385253906,4.54,"22,833,000","1,248,000","5,665,000",39.25,16.353,5
GL-2020,Financials,93.65036010742188,92.49130249023438,6.90,"8,771,092","106,054","731,773",36,10.685,5
GL-2021,Financials,98.30946350097656,95.4446792602539,7.30,"8,642,806","102,049","1,031,114",35.854,14.123,5
GL-2022,Financials,108.3996505737305,108.4156875610352,7.55,"3,949,577","97,974","894,386",35.533,14.907,5
GL-2023,Financials,115.566032409668,81.86292266845703,10.21,"4,486,803","95,098","970,755",35.8,15.229,5
GOOG-2020,Communication Services,103.3139343261719,125.1735610961914,2.96,"222,544,000","13,616,314","40,269,000",42.067,15.271,5
GOOG-2021,Communication Services,139.4907684326172,109.248176574707,5.69,"251,635,000","13,352,994","76,033,000",36.7,14.062,5
GOOG-2022,Communication Services,103.8817901611328,120.8324966430664,4.59,"256,144,000","13,063,000","59,972,000",39.892,15.847,5
GOOG-2023,Communication Services,152.0869293212891,183.2115173339844,5.84,"283,379,000","12,630,000","73,795,000",40.542,16.168,5
GOOGL-2020,Communication Services,103.0077819824219,121.9495391845703,2.96,"222,544,000","13,616,314","40,269,000",42.067,15.271,5
GOOGL-2021,Communication Services,138.9080810546875,108.8380813598633,5.69,"251,635,000","13,352,994","76,033,000",36.7,14.062,5
GOOGL-2022,Communication Services,103.6110916137695,119.5627746582031,4.59,"256,144,000","13,063,000","59,972,000",39.892,15.847,5
GOOGL-2023,Communication Services,150.7569732666016,181.9411773681641,5.84,"283,379,000","12,630,000","73,795,000",40.542,16.168,5
GS-2020,Financials,299.5315551757812,349.0145874023437,24.94,"95,932,000","356,400","8,915,000",51.292,20.305,6.667
GS-2021,Financials,307.6792907714844,278.4779968261719,60.25,"109,926,000","350,500","21,151,000",49.958,23.11,5
GS-2022,Financials,312.936279296875,310.773681640625,30.42,"117,189,000","352,100","10,764,000",50.363,24.919,5
GS-2023,Financials,412.2560424804688,449.5991821289063,23.05,"116,905,000","340,800","7,907,000",52.1,26.821,5
HAL-2020,Energy,20.41911697387696,22.04171180725098,-3.34,"4,974,000","881,000","-2,945,000",50.9,22.94,5.727
HAL-2021,Energy,36.32709121704102,30.19037246704102,1.63,"6,713,000","892,000","1,457,000",49.621,24.551,5
HAL-2022,Energy,30.77321434020996,32.22491073608398,1.74,"7,948,000","904,000","1,572,000",47.525,22.938,5
HAL-2023,Energy,39.03260803222656,33.61045074462891,2.93,"9,391,000","899,000","2,638,000",47.45,21.778,5
HES-2020,Energy,67.71784210205078,83.85916900634766,-10.08,"5,366,000","306,980","-3,093,000",78.658,48.153,6.167
HES-2021,Energy,103.7839202880859,103.111457824707,1.80,"6,300,000","309,745","559,000",78.017,48.479,5
HES-2022,Energy,129.9560546875,133.939208984375,7.26,"7,855,000","306,177","2,096,000",77.85,45.844,7
HES-2023,Energy,151.7325134277344,147.0705261230469,4.50,"8,986,000","307,158","1,382,000",79.033,45.126,7
HON-2020,Industrials,202.390625,205.4217376708984,6.79,"17,549,000","704,100","4,779,000",59.792,26.148,7
HON-2021,Industrials,184.5216217041016,165.7328491210938,8.01,"18,569,000","692,300","5,542,000",59.413,28.796,6.833
HON-2022,Industrials,184.989486694336,201.9078826904297,7.33,"16,697,000","677,100","4,966,000",58.304,29.19,5
HON-2023,Industrials,203.0529327392578,212.4153442382812,8.53,"15,856,000","663,000","5,658,000",58.6,29.844,5
HST-2020,Real Estate,15.17636013031006,15.39252376556396,-1.04,"6,321,000","705,900","-732,000",25.875,11.407,3
HST-2021,Real Estate,17.50010299682617,14.14398097991943,-0.02,"6,441,000","710,300","-11,000",25.675,11.338,3
HST-2022,Real Estate,15.34930038452148,15.78597736358643,0.89,"6,710,000","714,700","633,000",25.4,11.553,3
HST-2023,Real Estate,20.24869728088379,17.78044319152832,1.04,"6,633,000","709,700","740,000",28.325,14.747,3
HSY-2020,Consumer Staples,147.2204284667969,162.9985504150391,6.30,"2,234,352","208,446","1,278,708",50.8,25.018,5
HSY-2021,Consumer Staples,205.7352905273437,205.2517700195312,7.34,"2,757,229","206,734","1,477,512",53.412,27.822,5
HSY-2022,Consumer Staples,245.9944000244141,242.4981231689453,8.22,"3,299,544","205,535","1,644,817",53.288,26.563,5
HSY-2023,Consumer Staples,191.8283233642578,182.6039276123047,9.31,"4,099,086","204,738","1,861,787",53.113,27.621,5
INVH-2020,Real Estate,28.98623657226562,33.98056793212891,0.35,"8,504,825","553,993","195,764",28.8,7.918,5
INVH-2021,Real Estate,37.10372543334961,33.02801895141602,0.45,"9,797,742","577,681","261,098",28.8,9.522,3.833
INVH-2022,Real Estate,29.53864288330078,32.79798126220703,0.63,"10,291,342","609,771","382,668",28.8,11.394,3
INVH-2023,Real Estate,35.03738403320312,35.60377883911133,0.85,"10,155,971","611,894","518,774",29.512,12.409,3
IPG-2020,Communication Services,25.71865653991699,28.91577339172364,0.90,"2,895,000","389,400","351,100",27.25,11.301,3
IPG-2021,Communication Services,32.29568481445312,25.27596855163575,2.42,"3,526,000","393,000","952,800",26.95,11.382,3
IPG-2022,Communication Services,35.15933609008789,36.74129486083984,2.40,"3,614,600","391,500","938,000",26.638,12.544,3
IPG-2023,Communication Services,31.94700813293457,28.78033256530762,2.86,"3,942,600","384,100","1,098,400",26.067,15.824,2.667
ISRG-2020,Health Care,246.3133392333984,306.5466613769531,3.02,"9,731,500","351,000","1,060,600",43.85,11.232,7
ISRG-2021,Health Care,301.6799926757812,200.7100067138672,4.79,"11,901,100","356,100","1,704,600",43.9,14.198,5.333
ISRG-2022,Health Care,255.4700012207031,341.9400024414062,3.72,"11,041,900","355,700","1,322,300",42.817,18.062,5
ISRG-2023,Health Care,399.0899963378906,444.8500061035156,5.12,"13,307,600","351,200","1,798,000",42.062,20.32,5
IT-2020,Information Technology,182.5500030517578,242.1999969482422,2.99,"1,090,428","89,315","266,745",37.3,9.327,5
IT-2021,Information Technology,297.4599914550781,241.8300018310547,9.33,"371,058","85,026","793,560",37.3,13.727,5
IT-2022,Information Technology,325.7699890136719,350.3099975585937,10.08,"227,798","80,178","807,799",37.55,15.476,5
IT-2023,Information Technology,476.6700134277344,449.0599975585938,11.17,"680,634","79,004","882,466",36.3,15.927,4
ITW-2020,Industrials,204.6176605224609,207.5453033447266,6.66,"3,181,000","316,900","2,109,000",45.8,25.77,4
ITW-2021,Industrials,197.4873809814453,172.8467102050781,8.55,"3,625,000","315,100","2,694,000",45.7,25.955,3.5
ITW-2022,Industrials,235.4650268554688,243.2859802246093,9.80,"3,088,000","309,600","3,034,000",45.6,24.77,4.333
ITW-2023,Industrials,265.3408813476562,235.5625457763672,9.77,"3,012,000","302,600","2,957,000",45.6,20.752,5
JNPR-2020,Information Technology,22.96407890319824,25.00697326660156,0.78,"4,543,500","330,400","257,800",29.3,13.128,3
JNPR-2021,Information Technology,34.68619918823242,26.7664852142334,0.78,"4,316,900","324,400","252,700",29.775,13.387,3
JNPR-2022,Information Technology,33.00082015991211,30.25362586975098,1.46,"4,475,100","322,100","471,000",32.225,15.438,3
JNPR-2023,Information Technology,36.61272811889648,36.23512649536133,0.97,"4,492,700","320,000","310,200",32.879,17.841,3
JPM-2020,Financials,137.3665618896484,141.3641662597656,8.89,"279,354,000","3,082,400","27,410,000",46.3,23.702,5
JPM-2021,Financials,126.0990447998047,104.7911605834961,15.39,"294,127,000","3,021,500","46,503,000",50.217,22.008,5
JPM-2022,Financials,124.3442687988281,139.8067169189453,12.10,"292,332,000","2,965,800","35,892,000",52.546,23.49,5
JPM-2023,Financials,196.8273315429688,199.9789276123047,16.25,"327,878,000","2,938,600","47,760,000",53.3,24.024,5
K-2020,Consumer Staples,52.27577972412109,53.65637588500977,3.65,"3,112,000","343,000","1,251,000",52.125,26.222,5
K-2021,Consumer Staples,55.27502059936523,61.69098663330078,4.36,"3,720,000","341,000","1,488,000",52.113,25.176,5
K-2022,Consumer Staples,59.34658050537109,60.26322174072266,2.81,"3,941,000","341,000","960,000",53.079,25.797,5
K-2023,Consumer Staples,56.19183731079102,57.14468765258789,2.78,"3,175,000","342,086","951,000",54.7,26.597,5
KDP-2020,Consumer Staples,31.56476593017578,32.65765762329102,0.94,"23,829,000","1,407,200","1,325,000",38.736,13.57,5
KDP-2021,Consumer Staples,35.50378799438477,33.48562622070312,1.52,"24,972,000","1,415,700","2,146,000",39.342,16.403,5
KDP-2022,Consumer Staples,33.7429084777832,30.24686622619629,1.01,"25,126,000","1,416,800","1,436,000",40.679,18.831,5
KDP-2023,Consumer Staples,30.06386184692383,33.18953704833984,1.56,"25,676,000","1,399,300","2,181,000",44.75,21.383,5
KEY-2020,Financials,16.84982109069824,17.57630348205566,1.28,"17,981,000","967,783","1,237,000",38.95,14.213,5
KEY-2021,Financials,19.53940200805664,15.15991497039795,2.65,"17,423,000","947,065","2,519,000",39.05,15.083,5
KEY-2022,Financials,11.36610317230225,8.483328819274902,1.94,"13,454,000","924,363","1,799,000",40.15,16.957,5
KEY-2023,Financials,15.36180114746094,14.008544921875,0.89,"14,637,000","927,217","824,000",40.292,18.373,5
KHC-2020,Consumer Staples,34.42004013061523,35.45012664794922,0.29,"50,103,000","1,223,000","356,000",55.317,22.762,7
KHC-2021,Consumer Staples,35.33619689941406,34.57709503173828,0.83,"49,298,000","1,224,000","1,012,000",57.454,23.122,7
KHC-2022,Consumer Staples,36.15177536010742,33.53829574584961,1.93,"48,678,000","1,226,000","2,363,000",58.158,22.991,7
KHC-2023,Consumer Staples,36.06155395507812,31.8482666015625,2.33,"49,526,000","1,227,000","2,855,000",57.75,23.389,7
KIM-2020,Real Estate,16.19684982299805,18.16848564147949,2.26,"5,608,044","429,950","971,230",26.85,12.876,3
KIM-2021,Real Estate,22.0192813873291,17.76689529418945,1.61,"9,899,389","506,248","815,601",26.85,13.47,3
KIM-2022,Real Estate,18.0749340057373,18.46626281738281,0.16,"9,515,508","615,528","98,576",26.275,13.622,3
KIM-2023,Real Estate,19.12984848022461,19.2178840637207,1.02,"9,525,465","616,947","628,756",26.037,14.194,3
KMB-2020,Consumer Staples,122.6248245239258,119.0167846679688,6.90,"626,000","340,870","2,352,000",40.867,18.902,5
KMB-2021,Consumer Staples,112.3661499023438,124.4170303344727,5.38,"514,000","336,800","1,814,000",41.467,19.498,5
KMB-2022,Consumer Staples,126.8883361816406,131.7745819091797,5.73,"547,000","337,522","1,934,000",42.7,20.61,5
KMB-2023,Consumer Staples,126.9450149536133,136.9693145751953,5.22,"915,000","337,800","1,764,000",43.825,19.118,5
KMI-2020,Energy,13.14492607116699,14.65467834472656,0.05,"31,436,000","2,263,000","106,000",44.692,22.98,4.167
KMI-2021,Energy,15.92464256286621,14.3354959487915,0.78,"30,823,000","2,266,000","1,770,000",43.938,25.924,3
KMI-2022,Energy,15.68193435668945,15.65544605255127,1.12,"30,742,000","2,258,000","2,535,000",46.688,27.868,3
KMI-2023,Energy,17.52751350402832,19.30424690246582,1.06,"30,306,000","2,234,000","2,377,000",48.004,28.822,3
KO-2020,Consumer Staples,47.36347961425781,49.02616882324219,1.80,"19,299,000","4,295,000","7,747,000",44.627,19.207,5
KO-2021,Consumer Staples,57.467529296875,58.75736999511719,2.26,"22,999,000","4,315,000","9,771,000",44.562,20.088,5
KO-2022,Consumer Staples,59.19635391235352,57.90986251831055,2.20,"24,105,000","4,328,000","9,542,000",43.55,21.002,5
KO-2023,Consumer Staples,60.22719955444336,63.15991973876953,2.48,"25,941,000","4,323,000","10,714,000",45.175,22.718,5
LLY-2020,Health Care,179.1563720703125,221.0239715576172,6.47,"5,641,600","956,590","6,193,700",51.8,17.588,7
LLY-2021,Health Care,278.7848205566406,316.9596862792969,5.85,"8,979,200","953,653","5,581,700",49.012,19.305,5.5
LLY-2022,Health Care,338.8930969238281,464.2953186035156,6.57,"10,649,800","950,182","6,244,800",49.517,17.874,6.833
LLY-2023,Health Care,775.2772827148438,903.8394165039062,5.83,"10,771,900","899,379","5,240,400",48.35,24.018,5
LNT-2020,Utilities,47.93693542480469,49.76251983642578,2.47,"5,688,000","248,400","614,000",63.987,31.338,6.167
LNT-2021,Utilities,56.95676422119141,53.81989288330078,2.63,"5,990,000","250,200","659,000",61.45,35.214,5
LNT-2022,Utilities,50.16770935058594,49.71725082397461,2.73,"6,276,000","250,900","686,000",55.55,33.435,5
LNT-2023,Utilities,49.00244903564453,49.97625732421875,2.78,"6,777,000","253,000","703,000",55.542,34.158,5
LUV-2020,Industrials,58.71343994140625,51.04972839355469,-5.44,"8,876,000","565,000","-3,074,000",45.55,13.59,7
LUV-2021,Industrials,44.03988265991211,34.73189544677734,1.65,"10,414,000","592,000","977,000",45.708,14.281,7
LUV-2022,Industrials,31.28947257995605,35.18560791015625,0.91,"10,687,000","593,000","561,000",46.467,14.148,7
LUV-2023,Industrials,28.85429954528809,28.43100166320801,0.78,"10,515,000","595,000","484,000",47.275,16.45,7
LYB-2020,Materials,83.73731231689453,83.61460876464844,4.24,"7,971,000","334,000","1,417,000",43.2,17.17,5
LYB-2021,Materials,86.40230560302734,74.33641815185547,16.77,"11,858,000","334,000","5,596,000",43.35,16.873,5
LYB-2022,Materials,86.78114318847656,85.92378997802734,11.84,"12,615,000","327,000","3,872,000",44.258,19.325,5
LYB-2023,Materials,99.6436996459961,94.37068176269533,6.48,"12,930,000","325,000","2,107,000",41.138,19.37,5
LYV-2020,Communication Services,84.6500015258789,87.58999633789062,-8.12,"-471,772","212,271","-1,723,355",23.4,6.88,3
LYV-2021,Communication Services,117.6399993896484,82.58000183105469,-3.09,"-582,651","217,191","-670,675",24,8.044,3
LYV-2022,Communication Services,70,91.11000061035156,0.66,"-367,569","224,810","149,216",29.125,8.242,4.5
LYV-2023,Communication Services,105.7699966430664,93.73999786376952,1.38,"-17,148","228,628","315,842",29.7,8.147,5
MAS-2020,Industrials,55.9501953125,55.16538619995117,4.74,"195,000","258,200","1,215,000",34.05,13.842,3.667
MAS-2021,Industrials,48.29769134521485,48.16371917724609,1.70,"-179,000","241,200","406,000",35.417,11.415,4.5
MAS-2022,Industrials,48.11033630371094,55.82349014282227,3.75,"-480,000","225,300","842,000",36.7,11.987,5
MAS-2023,Industrials,77.94398498535156,66.13816833496094,4.03,"-126,000","225,000","908,000",37.888,15.178,5
MDLZ-2020,Consumer Staples,54.00688171386719,57.91788864135742,2.48,"27,578,000","1,431,000","3,555,000",53.833,28.199,5
MDLZ-2021,Consumer Staples,59.18819427490234,58.86438369750977,3.06,"28,269,000","1,403,000","4,300,000",52.983,29.713,5
MDLZ-2022,Consumer Staples,67.30583953857422,70.80169677734375,1.97,"26,883,000","1,378,000","2,717,000",54.567,31.355,5
MDLZ-2023,Consumer Staples,69.1312484741211,65.02240753173828,3.64,"28,332,000","1,363,000","4,959,000",54.75,32.572,5
META-2020,Communication Services,293.9259948730469,346.9969482421875,10.22,"128,290,000","2,851,000","29,146,000",44.6,12.894,7
META-2021,Communication Services,221.9040069580078,160.9193115234375,13.99,"124,879,000","2,815,000","39,370,000",41.912,13.306,5.667
META-2022,Communication Services,211.50537109375,286.3914794921875,8.63,"125,713,000","2,687,000","23,200,000",46.35,13.24,7
META-2023,Communication Services,484.5841979980469,503.7198791503906,15.19,"153,168,000","2,574,000","39,098,000",47.775,13.502,7
MNST-2020,Consumer Staples,45.54499816894531,45.67499923706055,1.33,"5,160,860","1,059,278","1,409,594",42.9,9.845,7
MNST-2021,Consumer Staples,39.95000076293945,46.34999847412109,1.30,"6,566,951","1,057,526","1,377,475",40.192,11.117,5.333
MNST-2022,Consumer Staples,54.0099983215332,57.43999862670898,1.13,"7,025,041","1,053,558","1,191,624",40.417,11.849,5
MNST-2023,Consumer Staples,59.27999877929688,49.95000076293945,1.56,"8,228,744","1,044,887","1,630,988",42.35,12.526,5.333
MO-2020,Consumer Staples,38.60215759277344,36.59951019287109,2.40,"2,839,000","1,858,419","4,459,000",41.95,16.937,5
MO-2021,Consumer Staples,42.35776138305664,34.44437789916992,1.36,"-1,606,000","1,823,176","2,464,000",42.117,17.236,5
MO-2022,Consumer Staples,39.14157485961914,40.5830078125,3.23,"-3,973,000","1,785,534","5,751,000",42.3,17.976,5
MO-2023,Consumer Staples,41.7549934387207,44.57428359985352,4.61,"-3,540,000","1,763,462","8,113,000",46.321,19.185,5.833
MPC-2020,Energy,48.48046875,55.398193359375,-15.28,"22,199,000","649,000","-9,827,000",56.213,26.119,5.333
MPC-2021,Energy,80.64131927490234,78.110595703125,15.34,"26,206,000","634,000","9,736,000",56.5,28.805,5
MPC-2022,Energy,130.4786071777344,113.4986572265625,28.31,"27,715,000","512,000","14,508,000",57.617,28.917,5
MPC-2023,Energy,199.5742034912109,172.6598663330078,23.73,"24,404,000","407,000","9,672,000",60.267,30.644,6.167
MPWR-2020,Information Technology,344.6487121582031,365.0412902832031,3.67,"966,587","44,840","164,375",39.375,10.647,6
MPWR-2021,Information Technology,476.6628723144531,377.462646484375,5.28,"1,243,985","45,851","242,023",30.658,9.562,5
MPWR-2022,Information Technology,494.9656066894531,535.3040161132812,9.37,"1,668,602","46,727","437,672",31.3,10.433,5
MPWR-2023,Information Technology,675.10693359375,820.4130859375,8.98,"2,049,939","47,610","427,374",31.233,11.054,4.333
MRK-2020,Health Care,66.0819091796875,70.47856903076172,2.79,"25,317,000","2,530,226","7,067,000",51,24.87,5
MRK-2021,Health Care,76.38642883300781,85.63190460205078,5.16,"38,184,000","2,530,000","13,049,000",50.133,27.543,5
MRK-2022,Health Care,102.230224609375,111.6492004394531,5.73,"45,991,000","2,532,000","14,519,000",47.875,26.071,5
MRK-2023,Health Care,130.3385467529297,123.0637817382812,0.14,"37,581,000","2,537,000","365,000",48.55,27.047,5
MRNA-2020,Health Care,130.9499969482422,234.979995727539,-1.96,"2,561,000","381,333","-747,000",38.767,7.73,7
MRNA-2021,Health Care,172.2599945068359,142.8500061035156,30.31,"14,145,000","403,000","12,202,000",39.35,9.273,6.667
MRNA-2022,Health Care,153.5800018310547,121.5,21.26,"19,123,000","394,000","8,362,000",40.383,10.84,6
MRNA-2023,Health Care,106.5599975585938,118.75,-12.33,"13,854,000","382,000","-4,714,000",37.904,14.834,5
MRO-2020,Energy,10.13875865936279,12.9731502532959,-1.84,"10,561,000","789,000","-1,451,000",72.383,29.371,9
MRO-2021,Energy,24.18570518493652,21.72420883178711,1.27,"10,686,000","743,000","946,000",74.079,31.76,8.833
MRO-2022,Energy,23.36524200439453,22.5310173034668,5.71,"11,397,000","633,000","3,612,000",74.4,32.385,9
MRO-2023,Energy,28.08984375,28.55126190185547,2.56,"11,205,000","607,000","1,554,000",73.696,34.084,7.667
MS-2020,Financials,68.5982666015625,81.40763854980469,6.55,"101,781,000","1,603,000","10,500,000",49.421,26.386,5
MS-2021,Financials,79.04353332519531,69.26712799072266,8.16,"105,441,000","1,785,000","14,566,000",48.988,26.405,5
MS-2022,Financials,82.19947052001953,80.59744262695312,6.23,"100,141,000","1,691,000","10,540,000",48.604,26.422,5
MS-2023,Financials,91.56908416748048,95.44158172607422,5.24,"99,038,000","1,628,000","8,530,000",51.875,27.087,5
MSI-2020,Information Technology,179.7027282714844,208.051773071289,5.58,"-558,000","170,000","949,000",32.417,17.622,3
MSI-2021,Information Technology,234.543472290039,203.6996459960937,7.36,"-40,000","169,200","1,245,000",34.05,19.465,3
MSI-2022,Information Technology,280.9884948730469,288.9837951660156,8.14,"116,000","167,500","1,363,000",34.3,20.263,3
MSI-2023,Information Technology,353.0469665527344,385.0457153320313,10.23,"724,000","167,000","1,709,000",33.55,20.18,3
MTCH-2020,Communication Services,137.3800048828125,161.25,0.73,"-1,414,417","223,433","162,329",34.15,7.75,5
MTCH-2021,Communication Services,108.7399978637695,69.69000244140625,1.01,"-203,769","275,004","277,723",34.079,8.27,4.833
MTCH-2022,Communication Services,38.38999938964844,41.84999847412109,1.28,"-359,875","282,564","361,946",33.233,13.666,3
MTCH-2023,Communication Services,36.27999877929688,30.3799991607666,2.36,"-19,548","275,773","651,539",32.733,13.837,3
NDAQ-2020,Financials,46.78007507324219,55.96033096313477,1.89,"6,433,000","493,200","933,000",31,14.787,3
NDAQ-2021,Financials,57.21652984619141,49.13490676879883,2.38,"6,395,000","497,700","1,187,000",31.263,17.142,3
NDAQ-2022,Financials,53.36373519897461,48.84709930419922,2.28,"6,151,000","492,400","1,125,000",32.05,20.098,3
NDAQ-2023,Financials,62.61275482177734,60.01570129394531,2.10,"10,816,000","504,909","1,059,000",36.288,23.318,3
NEM-2020,Materials,52.90926361083984,56.1834716796875,3.52,"23,008,000","804,000","2,829,000",69.475,45.874,5
NEM-2021,Materials,72.33808898925781,54.71643829345703,1.46,"22,022,000","799,000","1,166,000",66.888,42.963,5
NEM-2022,Materials,46.46583938598633,40.82142639160156,-0.54,"19,354,000","794,000","-429,000",65.312,43.513,5
NEM-2023,Materials,35.34725570678711,41.6201171875,-2.97,"29,027,000","841,000","-2,494,000",65.4,44.702,4.833
NFLX-2020,Communication Services,521.6599731445312,528.2100219726562,6.26,"11,065,240","440,922","2,761,395",23.1,5.112,3
NFLX-2021,Communication Services,374.5899963378906,174.8699951171875,11.55,"15,849,248","443,155","5,116,228",23.1,5.911,3
NFLX-2022,Communication Services,345.4800109863281,440.489990234375,10.10,"20,777,401","444,698","4,491,924",24.067,7.826,3
NFLX-2023,Communication Services,607.3300170898438,674.8800048828125,12.25,"20,588,313","441,571","5,407,990",24.163,7.81,3
NI-2020,Utilities,21.08087730407715,21.63059234619141,-0.19,"5,752,200","384,300","-72,700",71.3,39.205,7
NI-2021,Utilities,28.82059478759766,26.94275283813477,1.35,"6,947,300","393,600","529,800",72.183,40.782,7
NI-2022,Utilities,26.19659614562988,25.86181259155273,1.84,"7,575,400","407,100","749,000",69.55,39.969,5.167
NI-2023,Utilities,26.89336776733398,28.29606628417969,1.59,"8,269,600","416,100","661,700",64.608,38.423,5
NOC-2020,Industrials,305.7069396972656,344.948974609375,19.08,"10,579,000","167,100","3,189,000",54.988,24.228,7
NOC-2021,Industrials,429.9853820800781,461.961181640625,43.70,"12,926,000","160,300","7,005,000",55.117,24.986,6.667
NOC-2022,Industrials,450.4140319824219,446.2599792480469,31.61,"15,312,000","154,900","4,896,000",56.15,28.262,5
NOC-2023,Industrials,474.5997619628906,434.0278625488281,13.57,"14,795,000","151,500","2,056,000",56.15,28.762,5
NRG-2020,Utilities,33.18599319458008,35.72816848754883,2.08,"1,680,000","245,000","510,000",65.346,26.438,8.5
NRG-2021,Utilities,34.86188125610352,34.99618530273438,8.93,"3,600,000","245,000","2,187,000",66.95,35.2,7
NRG-2022,Utilities,32.28974151611328,35.61012649536133,5.17,"3,828,000","236,000","1,221,000",66.717,34.982,7
NRG-2023,Utilities,66.44558715820312,77.01016235351562,-1.12,"2,906,000","228,000","-256,000",63.617,31.556,7
NUE-2020,Materials,76.09793090820312,91.41415405273438,2.37,"10,788,665","303,168","717,114",52.3,14.581,7
NUE-2021,Materials,143.4443969726562,101.0895080566406,23.23,"14,016,389","292,491","6,795,150",53.354,16.807,7
NUE-2022,Materials,151.53515625,161.4135589599609,28.88,"18,414,694","262,348","7,576,165",52.012,19.188,7
NUE-2023,Materials,196.6604766845703,157.5282440185547,18.05,"20,940,634","249,773","4,507,855",53.292,21.359,7
NXPI-2020,Information Technology,189.668685913086,194.3753662109375,0.19,"8,944,000","279,763","52,000",46.862,24.711,4.167
NXPI-2021,Information Technology,176.2728271484375,141.6562194824219,6.91,"6,528,000","270,687","1,871,000",46.987,27.202,3.333
NXPI-2022,Information Technology,181.2086029052734,200.0537567138672,10.64,"7,449,000","261,879","2,787,000",48.288,27.125,4.5
NXPI-2023,Information Technology,245.8231506347656,268.1257934570312,10.83,"8,644,000","258,381","2,797,000",51.25,30.612,4
O-2020,Real Estate,51.73706436157227,54.99797058105469,1.15,"10,985,483","343,901","395,486",27.1,9.005,3
O-2021,Real Estate,60.78053283691406,60.51562118530273,0.87,"25,052,574","591,262","359,456",26.55,11.14,3
O-2022,Real Estate,58.05981063842773,55.46866607666016,1.42,"28,713,149","611,766","869,408",26.267,11.73,3
O-2023,Real Estate,52.30688858032227,51.81066513061523,1.26,"32,941,467","692,298","872,309",26.908,11.433,3
OKE-2020,Energy,40.25728225708008,45.21869277954102,1.42,"6,042,398","431,105","611,709",46.525,20.095,5
OKE-2021,Energy,60.36814880371094,48.18515014648438,3.36,"6,015,163","446,400","1,499,000",45.562,20.38,5
OKE-2022,Energy,57.73117828369141,56.85840606689453,3.85,"6,494,000","447,500","1,721,000",46.229,22.04,5
OKE-2023,Energy,77.15449523925781,79.60135650634766,5.49,"16,484,000","484,300","2,658,000",51.842,26.295,5
OMC-2020,Communication Services,65.54810333251953,71.35704040527344,4.38,"3,084,400","215,600","951,200",26,8.014,3
OMC-2021,Communication Services,77.84371948242188,58.88735580444336,6.57,"3,270,200","214,300","1,395,600",26.496,8.241,3
OMC-2022,Communication Services,89.93087005615234,91.41353607177734,6.40,"3,252,100","205,600","1,299,400",26.817,8.882,3
OMC-2023,Communication Services,95.2917022705078,89.01068115234375,6.98,"3,616,300","199,341","1,303,300",26.65,10.368,3
ON-2020,Information Technology,41.61000061035156,38.27999877929688,0.57,"3,538,500","410,700","234,200",50.2,25.039,5
ON-2021,Information Technology,62.61000061035156,50.31000137329102,2.37,"4,585,400","425,700","1,009,600",53.083,27.221,5
ON-2022,Information Technology,82.31999969482422,94.58000183105467,4.39,"6,188,500","433,200","1,902,200",54.5,28.145,5
ON-2023,Information Technology,73.55000305175781,68.55000305175781,5.07,"7,782,600","430,700","2,183,700",54.2,30.361,5
OTIS-2020,Industrials,65.15345001220703,78.07103729248047,2.09,"-3,862,000","433,200","906,000",46.65,16.297,5.667
OTIS-2021,Industrials,74.1011734008789,68.26139068603516,2.91,"-3,625,000","427,700","1,246,000",46.092,17.629,5
OTIS-2022,Industrials,82.45279693603516,87.25566101074219,2.98,"-4,870,000","420,000","1,253,000",44.25,22.62,5
OTIS-2023,Industrials,98.50187683105467,95.8740463256836,3.42,"-4,924,000","411,400","1,406,000",43.838,26.252,3.167
OXY-2020,Energy,25.86200714111328,30.38980484008789,-17.06,"18,573,000","918,700","-15,675,000",71.125,29.344,8.667
OXY-2021,Energy,55.20186614990234,57.42057037353516,1.62,"20,327,000","935,000","1,512,000",72.5,35.097,7
OXY-2022,Energy,61.24539947509766,57.85182952880859,13.41,"30,085,000","926,200","12,421,000",74.425,31.162,9
OXY-2023,Energy,64.51644134521484,62.79687118530273,4.22,"30,250,000","889,200","3,750,000",78.075,36.03,9
PARA-2020,Communication Services,41.08079147338867,41.28672790527344,3.93,"15,371,000","616,000","2,422,000",25.713,7.511,3
PARA-2021,Communication Services,35.21978759765625,23.15966606140137,7.02,"22,402,000","641,000","4,543,000",24.5,8.268,3
PARA-2022,Communication Services,21.62353324890137,15.60803604125977,1.61,"23,036,000","649,000","1,104,000",24.875,9.322,3
PARA-2023,Communication Services,11.66199588775635,10.33891868591309,-1.02,"22,526,000","652,000","-608,000",24.854,9.764,3
PAYC-2020,Industrials,366.74853515625,360.217529296875,2.49,"655,643","57,620","143,453",28.45,9.502,3
PAYC-2021,Industrials,343.2804870605469,277.6133422851562,3.39,"893,714","57,885","195,960",29.425,10.894,3
PAYC-2022,Industrials,301.2896423339844,318.3654174804688,4.86,"1,182,607","57,928","281,389",30.4,12.705,3
PAYC-2023,Industrials,198.1738739013672,142.7324981689453,5.91,"1,303,036","57,707","340,788",30.4,12.68,3
PCG-2020,Utilities,11.68958950042725,10.15227317810059,-1.05,"25,476,000","1,257,000","-1,318,000",77.85,34.71,9
PCG-2021,Utilities,11.91918754577637,9.962604522705078,-0.05,"20,971,000","1,985,000","-102,000",72.604,31.504,8.833
PCG-2022,Utilities,16.14181709289551,17.24987983703613,0.91,"22,823,000","1,987,000","1,800,000",64.5,29.37,7
PCG-2023,Utilities,16.7401237487793,17.45001029968262,1.09,"25,040,000","2,064,000","2,242,000",63.562,30.546,7
PEG-2020,Utilities,53.32552719116211,53.39328384399414,3.76,"15,984,000","504,000","1,905,000",61.071,31.869,5
PEG-2021,Utilities,64.09996795654297,58.41946411132812,-1.29,"14,438,000","504,000","-648,000",59.546,30.288,5
PEG-2022,Utilities,59.11127090454102,59.84054565429688,2.06,"13,729,000","498,000","1,031,000",57.237,28.629,5
PEG-2023,Utilities,65.6292495727539,73.10596466064453,5.15,"15,477,000","498,000","2,563,000",59.167,32.253,5
PEP-2020,Consumer Staples,128.1223297119141,135.2808380126953,5.16,"13,454,000","1,380,000","7,120,000",43.955,22.785,4.636
PEP-2021,Consumer Staples,156.0387115478516,156.3893737792969,5.51,"16,043,000","1,383,000","7,618,000",41.338,24.132,3
PEP-2022,Consumer Staples,174.4946746826172,178.4877166748047,6.47,"17,149,000","1,377,000","8,910,000",42.083,26.063,3
PEP-2023,Consumer Staples,172.3257598876953,163.6396942138672,6.60,"18,503,000","1,374,000","9,074,000",47.233,28.98,3.667
PFE-2020,Health Care,30.9153938293457,33.77910614013672,1.73,"63,238,000","5,555,000","9,159,000",49.05,18.048,6.333
PFE-2021,Health Care,45.90430068969727,46.84298706054688,3.92,"77,201,000","5,601,000","21,979,000",47.183,21.668,5.333
PFE-2022,Health Care,37.35213470458984,33.88858795166016,5.59,"95,661,000","5,608,000","31,372,000",48.017,22.952,5
PFE-2023,Health Care,26.55763053894043,27.18070983886719,0.38,"89,014,000","5,643,000","2,119,000",47.275,23.98,4.5
PGR-2020,Financials,88.44367980957031,95.28561401367188,9.71,"17,038,600","584,900","5,677,700",37.9,12.786,5
PGR-2021,Financials,112.5829849243164,114.9465637207031,5.69,"18,231,600","584,500","3,324,000",38.442,15.343,5
PGR-2022,Financials,141.7924041748047,131.2971496582031,1.19,"15,891,000","584,400","694,600",38.225,17.246,5
PGR-2023,Financials,205.58984375,207.5127716064453,6.61,"20,277,100","584,900","3,864,800",39.879,19.598,4.5
PKG-2020,Materials,120.1470260620117,121.8575057983398,4.86,"3,246,300","94,856","457,400",30.125,10.486,3
PKG-2021,Materials,143.4642028808594,127.2112274169922,8.87,"3,607,200","94,825","834,700",30.575,15.571,3
PKG-2022,Materials,132.2467041015625,127.1087493896484,11.08,"3,667,100","92,942","1,021,900",30.475,15.088,3
PKG-2023,Materials,187.2208862304688,181.3272857666016,8.52,"3,997,300","89,625","759,000",31.417,14.192,3
PLD-2020,Real Estate,96.97662353515624,110.0337982177734,2.02,"31,971,547","728,323","1,473,122",24.4,14.452,2
PLD-2021,Real Estate,150.7033843994141,110.3625183105469,3.97,"33,426,873","739,363","2,933,571",24.158,14.29,1.667
PLD-2022,Real Estate,119.4278869628906,118.2366638183594,4.28,"53,237,282","785,675","3,358,796",24.6,16.103,1
PLD-2023,Real Estate,128.1587829589844,111.3498306274414,3.30,"53,181,724","924,351","3,053,373",25.417,15.932,2.167
PM-2020,Consumer Staples,73.751953125,83.47660827636719,5.16,"-12,567,000","1,557,000","8,036,000",44.15,16.574,5
PM-2021,Consumer Staples,82.17523193359375,87.54258728027344,5.83,"-10,106,000","1,558,000","9,083,000",43.625,20.012,5
PM-2022,Consumer Staples,89.6791763305664,91.2310562133789,5.82,"-8,957,000","1,550,000","9,024,000",43.096,19.639,5
PM-2023,Consumer Staples,89.20516204833984,100.0283279418945,5.02,"-11,225,000","1,552,000","7,791,000",46.788,20.261,5
PNC-2020,Financials,153.1314544677734,167.7261962890625,16.99,"54,010,000","427,000","7,249,000",39.017,18.19,5
PNC-2021,Financials,165.3397064208984,142.2089233398438,12.71,"55,695,000","426,000","5,409,000",39.85,17.29,5
PNC-2022,Financials,117.7519302368164,117.7325820922852,13.86,"45,774,000","412,000","5,708,000",38.9,16.46,5
PNC-2023,Financials,156.8457489013672,152.4549102783203,12.80,"51,105,000","401,000","5,126,000",41.775,16.292,5
PNW-2020,Utilities,68.5529556274414,69.83130645751953,4.89,"5,633,503","112,666","550,559",66.683,38.468,5
PNW-2021,Utilities,68.74537658691406,65.14353942871094,5.48,"5,906,200","112,910","618,720",64.85,37.378,5
PNW-2022,Utilities,73.1705551147461,76.11006164550781,4.27,"6,048,647","113,196","483,602",62.767,34.722,5.833
PNW-2023,Utilities,72.17940521240234,74.70664978027344,4.42,"6,177,664","113,442","501,557",62.65,31.792,7
PPG-2020,Materials,141.3385009765625,160.3239288330078,4.47,"5,689,000","236,800","1,059,000",54.25,25.799,5.667
PPG-2021,Materials,125.0512161254883,109.5149154663086,6.06,"6,286,000","237,600","1,439,000",53.975,28.473,5
PPG-2022,Materials,129.8484954833984,144.8426055908203,4.34,"6,592,000","236,100","1,026,000",53.646,29.213,5
PPG-2023,Materials,143.5251312255859,125.276725769043,5.38,"7,832,000","236,000","1,270,000",52.483,27.206,5
PSX-2020,Energy,70.78878784179688,75.35164642333984,-9.06,"18,984,000","439,530","-3,983,000",54.463,24.239,5.833
PSX-2021,Energy,78.55117797851562,75.34681701660156,2.97,"19,166,000","440,028","1,306,000",54.762,22.66,6.833
PSX-2022,Energy,95.99444580078124,91.22612762451172,23.36,"29,494,000","471,497","11,014,000",54.75,25.444,5
PSX-2023,Energy,160.8895874023438,140.0569000244141,15.56,"30,583,000","450,136","7,004,000",58.738,24.555,6.5
PWR-2020,Industrials,87.35478210449219,89.92636108398438,3.15,"4,344,181","141,380","445,596",50.604,13.312,7
PWR-2021,Industrials,130.9170532226562,124.7561950683594,3.45,"5,112,301","140,824","485,956",51.854,15.725,7
PWR-2022,Industrials,166.2327728271484,195.9699401855469,3.42,"5,383,464","143,488","491,189",52.062,16.9,7
PWR-2023,Industrials,259.619140625,253.9131317138672,5.13,"6,272,241","145,222","744,689",59.15,22.153,7
RSG-2020,Industrials,94.59375,105.1885681152344,3.03,"8,483,900","319,300","967,200",33.75,9.998,5
RSG-2021,Industrials,128.09033203125,126.9481201171875,4.05,"8,978,900","318,800","1,290,400",33.167,11.609,5
RSG-2022,Industrials,132.6106262207031,150.7676544189453,4.70,"9,686,000","316,500","1,487,600",33.25,12.087,5
RSG-2023,Industrials,190.3754730224609,193.2593383789062,5.47,"10,542,300","316,200","1,731,000",35.496,14.711,4.833
SHW-2020,Materials,238.3067016601562,264.574462890625,7.48,"3,610,800","271,278","2,030,400",51.7,21.785,5.333
SHW-2021,Materials,243.7261047363281,219.1309051513672,7.10,"2,437,200","262,500","1,864,400",51.7,22.287,5
SHW-2022,Materials,221.5613861083984,262.4414978027344,7.83,"3,102,100","258,000","2,020,100",52.933,24.094,5
SHW-2023,Materials,345.7721862792969,297.7555236816406,9.35,"3,715,800","255,400","2,388,800",51.008,21.97,5
SLB-2020,Energy,25.52323150634766,30.1887264251709,-7.57,"12,071,000","1,390,000","-10,518,000",46.668,22.103,5
SLB-2021,Energy,39.45564651489258,34.26112747192383,1.34,"15,004,000","1,400,000","1,881,000",48.767,24.551,5
SLB-2022,Energy,47.59349822998047,47.83816146850586,2.43,"17,685,000","1,416,000","3,441,000",49.1,25.936,5
SLB-2023,Energy,54.15428924560547,46.88111877441406,2.95,"20,189,000","1,425,000","4,203,000",47.025,25.895,5
SO-2020,Utilities,54.05415725708008,53.17457580566406,2.95,"28,263,000","1,058,000","3,119,000",61.875,29.629,7
SO-2021,Utilities,65.70694732666016,65.28456115722656,2.26,"28,165,000","1,061,000","2,393,000",61.912,28.803,7
SO-2022,Utilities,65.54357147216797,66.86508178710938,3.28,"30,408,000","1,075,000","3,524,000",63.338,30.293,7
SO-2023,Utilities,70.34468078613281,76.86641693115234,3.64,"31,444,000","1,092,000","3,976,000",63.954,31.045,7
SPG-2020,Real Estate,93.86322021484376,107.6494216918945,3.59,"3,039,472","308,738","1,109,227",25.65,10.463,3
SPG-2021,Real Estate,113.3891906738281,82.85027313232422,6.84,"3,361,452","328,587","2,246,294",25.65,10.882,3
SPG-2022,Real Estate,102.4917831420898,107.2852249145508,6.52,"3,138,524","327,817","2,136,198",25.913,11.651,3
SPG-2023,Real Estate,152.4774322509766,149.8257446289062,6.98,"3,022,834","326,808","2,279,789",26.375,12.738,3
SPGI-2020,Financials,342.2258911132812,398.9908447265625,9.71,"509,000","241,000","2,339,000",29.65,16.455,3
SPGI-2021,Financials,400.917724609375,330.0846557617188,12.56,"2,032,000","240,800","3,024,000",29.65,16.917,3
SPGI-2022,Financials,340.0367736816406,396.4169006347656,10.25,"36,388,000","316,900","3,248,000",33.525,19.483,3
SPGI-2023,Financials,423.6702270507813,445.0583190917969,8.25,"34,200,000","318,400","2,626,000",34.375,20.313,3
STLD-2020,Materials,47.92302703857422,56.56475830078125,2.61,"4,345,164","211,140","550,822",52.925,18.595,7
STLD-2021,Materials,80.20401763916016,63.85012817382812,15.67,"6,304,641","205,115","3,214,066",56.233,21.342,7
STLD-2022,Materials,110.5749740600586,106.9472503662109,21.06,"8,130,357","183,393","3,862,674",55.325,22.015,7
STLD-2023,Materials,147.2156677246094,129.0236358642578,14.72,"8,866,666","166,552","2,450,882",54.592,21.751,7
SYK-2020,Health Care,234.535659790039,250.7386627197266,4.26,"13,084,000","375,500","1,599,000",47.792,12.294,7
SYK-2021,Health Care,259.9974365234375,193.9529113769531,5.29,"14,877,000","377,000","1,994,000",47.217,13.95,7
SYK-2022,Health Care,281.1280212402344,301.2593078613281,6.23,"16,616,000","378,200","2,358,000",48.296,18.396,6.167
SYK-2023,Health Care,356.214111328125,339.45068359375,8.34,"18,593,000","379,600","3,165,000",48.5,20.033,5
T-2020,Communication Services,17.28549194335938,16.82184600830078,-0.75,"161,673,000","7,157,000","-5,369,000",38.271,19.18,3
T-2021,Communication Services,14.84472179412842,17.9057674407959,2.77,"166,332,000","7,168,000","19,874,000",38.567,18.947,3.333
T-2022,Communication Services,17.20447540283203,14.46098041534424,-1.13,"97,500,000","7,166,000","-8,064,000",40.15,18.057,5
T-2023,Communication Services,16.78646469116211,18.52399444580078,1.97,"103,297,000","7,181,000","14,192,000",43.142,19.85,5
TAP-2020,Consumer Staples,46.89361572265625,49.22224426269531,-4.38,"12,365,000","216,800","-949,000",38.925,20.458,3
TAP-2021,Consumer Staples,49.67739105224609,51.10893630981445,4.63,"13,417,100","217,100","1,005,700",39.367,20.622,3
TAP-2022,Consumer Staples,49.49716186523438,63.55023193359375,-0.81,"12,689,700","216,900","-175,300",40.638,19.906,4.5
TAP-2023,Consumer Staples,66.22364044189453,50.40690231323242,4.39,"13,196,000","216,000","948,900",41.417,19.781,5
TDY-2020,Information Technology,413.6499938964844,418.8299865722656,10.88,"3,228,600","36,952","401,900",51.65,14.137,7
TDY-2021,Information Technology,472.6300048828125,375.1099853515625,9.54,"7,622,000","46,692","445,300",51.65,13.428,7
TDY-2022,Information Technology,447.3599853515625,411.1099853515625,16.82,"8,169,200","46,913","788,600",51.65,14.124,7
TDY-2023,Information Technology,429.3200073242188,387.9800109863281,18.71,"9,221,200","47,332","885,700",52.225,16.584,7
TER-2020,Information Technology,120.0121459960938,132.2187805175781,4.72,"2,210,805","166,120","784,147",32.1,11.405,5
TER-2021,Information Technology,116.9578247070312,88.66829681396484,6.15,"2,563,956","164,960","1,014,589",32.6,13.552,3.333
TER-2022,Information Technology,106.8243255615234,110.7322463989258,4.52,"2,451,294","158,434","715,501",32.175,14.861,3
TER-2023,Information Technology,112.5997619628906,148.1624450683594,2.91,"2,525,897","154,310","448,752",33.05,16.5,3
TFX-2020,Health Care,408.0662536621094,394.9732055664063,7.21,"3,336,457","46,488","335,324",46.35,17.338,5
TFX-2021,Health Care,349.797607421875,242.6032257080078,10.38,"3,754,748","46,774","485,374",46.075,17.061,5
TFX-2022,Health Care,251.0052032470703,240.1773223876953,7.74,"4,021,968","46,898","363,139",46.4,17.015,5
TFX-2023,Health Care,225.4575653076172,209.9850616455078,7.58,"4,440,988","46,981","356,328",46.75,17.18,5
TMUS-2020,Communication Services,123.7772979736328,143.0813751220703,2.68,"65,344,000","1,144,206","3,064,000",38.3,11.643,5
TMUS-2021,Communication Services,126.8003616333008,132.9156036376953,2.42,"69,102,000","1,247,155","3,024,000",38.717,13.29,5
TMUS-2022,Communication Services,143.0912475585938,137.2229614257812,2.07,"69,656,000","1,249,764","2,590,000",42,17.316,5
TMUS-2023,Communication Services,161.9532623291016,175.5091247558594,7.02,"64,715,000","1,185,122","8,317,000",45.417,20.383,5
TRGP-2020,Energy,29.50805282592773,41.45907974243164,-7.26,"2,653,900","232,200","-1,684,800",48.1,11.756,7
TRGP-2021,Energy,70.89067840576172,56.39120483398438,-0.07,"2,011,800","228,600","-16,100",48.183,14.504,7
TRGP-2022,Energy,69.99061584472656,73.35356140136719,3.95,"2,665,700","227,300","896,800",52.242,18.35,7
TRGP-2023,Energy,110.0093841552734,127.2380905151367,3.69,"2,739,700","224,600","835,800",54.963,21.552,7
TROW-2020,Financials,148.3805541992188,172.2532653808594,10.08,"7,707,000","228,800","2,307,400",39.75,16.44,5
TROW-2021,Financials,135.7817840576172,102.9377288818359,13.25,"9,022,700","226,600","3,002,400",39.296,20.053,3
TROW-2022,Financials,105.5930709838867,105.9824905395508,6.73,"8,839,500","226,000","1,521,800",38.275,21.405,3
TROW-2023,Financials,119.351203918457,114.0833969116211,7.78,"9,505,100","224,100","1,744,300",38.421,20.872,3
TRV-2020,Financials,139.4330749511719,139.5549621582031,10.56,"29,201,000","253,500","2,678,000",39.65,17.242,5
TRV-2021,Financials,173.2388610839844,161.1873321533203,14.63,"28,887,000","248,500","3,635,000",39.137,19.732,3.333
TRV-2022,Financials,165.9855499267578,169.0487518310547,11.91,"21,560,000","237,000","2,822,000",39.879,19.846,4.167
TRV-2023,Financials,227.9672241210937,202.3373870849609,12.93,"24,921,000","229,700","2,969,000",40.475,19.851,5
TXN-2020,Information Technology,170.3970489501953,174.4327697753906,6.07,"9,187,000","921,000","5,568,000",46.421,28.482,3
TXN-2021,Information Technology,169.3206787109375,142.7316284179688,8.42,"13,333,000","923,000","7,736,000",48.442,29.392,3.5
TXN-2022,Information Technology,176.5090942382812,172.0424346923828,9.55,"14,577,000","916,000","8,709,000",49.033,28.334,4.833
TXN-2023,Information Technology,170.4992218017578,191.8887481689453,7.17,"16,897,000","908,000","6,476,000",47.133,26.083,5
TXT-2020,Industrials,55.8599853515625,68.52618408203125,1.35,"5,845,000","226,400","309,000",56.975,18.944,7
TXT-2021,Industrials,74.17835998535156,60.92183685302734,3.33,"6,815,000","216,900","746,000",57.038,21.513,7
TXT-2022,Industrials,70.52088165283203,67.54399108886719,4.05,"7,113,000","212,809","861,000",56.325,22.24,7
TXT-2023,Industrials,95.88688659667967,85.84002685546875,4.57,"6,987,000","201,532","921,000",56.2,22.48,7
TYL-2020,Information Technology,424.5299987792969,452.3699951171875,4.87,"1,986,111","40,035","194,820",28.05,8.051,4.167
TYL-2021,Information Technology,444.8900146484375,332.4800109863281,3.95,"2,324,032","40,848","161,458",28.508,8.904,3.333
TYL-2022,Information Technology,354.6400146484375,416.4700012207031,3.95,"2,624,389","41,544","164,240",31.938,12.132,3.333
TYL-2023,Information Technology,425.010009765625,502.7799987792969,3.95,"2,937,995","42,024","165,919",33.05,13.354,3
UAL-2020,Industrials,57.54000091552734,52.29000091552734,-22.67,"5,960,000","311,845","-7,069,000",50.412,19.556,6.5
UAL-2021,Industrials,46.36000061035156,35.41999816894531,-6.07,"5,029,000","323,811","-1,964,000",50.45,19.466,7
UAL-2022,Industrials,44.25,54.86999893188477,2.25,"6,896,000","326,930","737,000",50.175,20.366,6.5
UAL-2023,Industrials,47.88000106811523,48.65999984741211,7.98,"9,324,000","327,800","2,618,000",49.65,20.927,5
UBER-2020,Industrials,54.5099983215332,50.11999893188477,-3.86,"12,266,000","1,752,960","-6,768,000",42.7,8.99,6.667
UBER-2021,Industrials,35.68000030517578,20.45999908447266,-0.26,"14,458,000","1,892,546","-496,000",42.575,13.524,5
UBER-2022,Industrials,31.70000076293945,43.16999816894531,-4.64,"7,340,000","1,972,131","-9,141,000",45.15,15.96,5
UBER-2023,Industrials,76.98999786376953,72.68000030517578,0.93,"11,249,000","2,035,651","1,887,000",45.1,17.873,5
UDR-2020,Real Estate,38.24028015136719,43.11752700805664,0.20,"3,234,200","294,545","60,036",26.95,11.743,3
UDR-2021,Real Estate,51.62860870361328,41.68796920776367,0.49,"3,442,874","300,326","145,787",26.75,13.658,3
UDR-2022,Real Estate,38.09723663330078,40.26675796508789,0.26,"4,098,085","321,671","82,512",26.75,14.428,3
UDR-2023,Real Estate,36.20392608642578,40.26154327392578,1.34,"3,991,144","328,765","439,505",28.317,14.897,3
UNH-2020,Health Care,353.9952392578125,382.340576171875,16.28,"65,491,000","946,000","15,403,000",33.05,12.144,5
UNH-2021,Health Care,492.0182495117188,497.0158386230469,18.33,"71,760,000","943,000","17,285,000",33.321,13.082,4.667
UNH-2022,Health Care,461.7933654785156,471.332275390625,21.54,"77,772,000","934,000","20,120,000",33.7,16.202,3
UNH-2023,Health Care,490.6759338378906,507.1087036132813,24.12,"88,756,000","928,000","22,381,000",33.2,17.9,3
VLO-2020,Energy,62.01907348632812,68.6739273071289,-3.50,"18,801,000","407,000","-1,426,000",53.2,17.331,6.667
VLO-2021,Energy,92.90778350830078,98.35852813720705,2.27,"18,430,000","407,000","924,000",53.2,24.783,5
VLO-2022,Energy,132.3113098144531,111.9873123168945,29.05,"23,561,000","395,000","11,485,000",53.225,22.672,7
VLO-2023,Energy,167.1254425048828,154.652587890625,24.93,"26,346,000","353,000","8,808,000",56.675,25.177,6.833
VMC-2020,Materials,163.8865814208984,169.42578125,4.41,"6,027,300","132,578","584,500",46.725,13.817,6.833
VMC-2021,Materials,179.8418884277344,139.4195098876953,5.05,"6,545,000","132,800","670,800",46.325,17.281,5
VMC-2022,Materials,169.5030670166016,223.2655792236328,4.33,"6,928,600","133,000","575,600",47.6,18.48,5
VMC-2023,Materials,271.9673767089844,248.2414855957031,7.02,"7,483,400","133,000","933,200",46.988,17.568,5.167
VRSN-2020,Information Technology,198.759994506836,227.6900024414062,7.08,"-1,390,198","115,058","814,888",33.85,10.471,5
VRSN-2021,Information Technology,222.4600067138672,167.3300018310547,7.01,"-1,260,500","112,015","784,800",33.85,11.667,5
VRSN-2022,Information Technology,211.3300018310547,225.9700012207031,6.24,"-1,562,200","107,900","673,800",34.9,13.31,5
VRSN-2023,Information Technology,189.509994506836,177.8000030517578,7.91,"-1,581,000","103,400","817,600",35.25,13.859,5
VST-2020,Utilities,16.05085182189941,16.97767639160156,1.30,"8,371,000","488,668","636,000",64.7,21.222,9
VST-2021,Utilities,21.79195976257324,21.58075523376465,-2.69,"8,291,000","482,215","-1,295,000",66.879,27.955,7.167
VST-2022,Utilities,23.19853401184082,25.57514190673828,-3.26,"4,902,000","422,447","-1,377,000",68.7,32.922,7
VST-2023,Utilities,69.23027801513672,85.75697326660156,3.82,"5,307,000","351,457","1,343,000",70.433,36.253,7
VTR-2020,Real Estate,46.90261077880859,50.62515640258789,1.18,"10,180,167","373,368","439,149",27.525,13.843,3
VTR-2021,Real Estate,56.12135696411133,47.07161331176758,0.13,"10,854,385","382,785","49,008",27.25,15.219,3
VTR-2022,Real Estate,40.88901901245117,45.04238510131836,-0.12,"10,152,968","399,549","-47,447",27.3,14.859,3
VTR-2023,Real Estate,42.712646484375,50.81000137329102,-0.10,"9,488,058","401,809","-40,973",29.967,17.01,3
VZ-2020,Communication Services,46.782470703125,45.55947113037109,4.30,"67,842,000","4,140,000","17,801,000",37.383,18.161,3.667
VZ-2021,Communication Services,42.83939743041992,43.19382476806641,5.32,"81,790,000","4,148,000","22,065,000",37.3,19.3,3
VZ-2022,Communication Services,34.49592208862305,33.50660705566406,5.06,"91,144,000","4,202,000","21,256,000",39.479,21.388,3
VZ-2023,Communication Services,39.95273971557617,39.92935562133789,2.76,"92,430,000","4,211,000","11,614,000",41.35,22.826,3
WAB-2020,Industrials,77.50624084472656,80.69725036621094,2.18,"10,123,000","189,900","413,000",44.095,14.212,5.364
WAB-2021,Industrials,94.68063354492188,80.941650390625,2.96,"10,201,000","187,700","558,000",43.85,11.588,7
WAB-2022,Industrials,100.1445617675781,108.8546524047852,3.46,"10,102,000","182,200","633,000",43.6,18.865,5.333
WAB-2023,Industrials,145.294189453125,157.8634948730469,4.54,"10,487,000","178,800","815,000",44,20.702,5
WEC-2020,Utilities,83.35799407958984,79.85563659667969,3.80,"10,500,100","315,400","1,199,900",60.3,27.602,7
WEC-2021,Utilities,91.57994842529295,93.07803344726562,4.12,"10,943,600","315,400","1,300,300",58.112,26.948,6.5
WEC-2022,Utilities,89.63709259033203,84.14686584472656,4.46,"11,407,300","315,400","1,408,100",51.55,24.07,5
WEC-2023,Utilities,80.4509506225586,77.69312286376953,4.22,"11,754,600","315,400","1,331,700",54.117,26.71,5
WELL-2020,Real Estate,64.46551513671875,75.46353912353516,2.36,"15,972,719","415,451","978,844",27.55,12.885,3
WELL-2021,Real Estate,89.29673767089844,77.04573822021484,0.79,"17,636,001","424,976","336,138",27.721,16.167,3
WELL-2022,Real Estate,68.67591857910156,78.12564086914062,0.31,"20,294,814","462,185","141,214",27.9,15.893,3
WELL-2023,Real Estate,92.26415252685548,103.6086883544922,0.66,"25,404,376","515,629","340,094",29.6,16.738,3
WRB-2020,Financials,30.99058723449707,30.66146850585937,1.89,"6,310,802","280,386","530,670",40.575,12.938,5
WRB-2021,Financials,42.19078063964844,43.31221771240234,3.69,"6,653,011","277,430","1,022,490",40.8,16.401,5
WRB-2022,Financials,39.98527908325195,38.57362747192383,4.99,"6,748,332","276,852","1,381,062",40.842,18.493,5
WRB-2023,Financials,58.42885971069336,51.98313903808594,5.10,"7,455,431","271,000","1,381,359",40.85,18.972,5
WST-2020,Health Care,279.3973083496094,356.2658386230469,4.68,"1,854,500","73,900","346,200",28.45,9.301,3
WST-2021,Health Care,408.0519104003906,300.5555419921875,8.89,"2,335,400","74,400","661,800",28.45,9.15,3
WST-2022,Health Care,345.0601196289062,381.1878662109375,7.87,"2,684,900","74,400","585,900",28.533,9.682,3
WST-2023,Health Care,395.0216674804688,328.9946899414062,7.98,"2,881,000","74,300","593,400",28.525,9.818,3
WY-2020,Real Estate,30.45541572570801,29.59599113464355,1.07,"8,731,000","746,931","797,000",37.9,18.644,3
WY-2021,Real Estate,33.50717544555664,30.47076606750488,3.48,"10,767,000","749,496","2,607,000",38.655,21.238,3
WY-2022,Real Estate,28.15187263488769,32.35020446777344,2.53,"10,749,000","741,904","1,880,000",38.929,21.414,3
WY-2023,Real Estate,35.31162261962891,28.19894981384277,1.15,"10,236,000","731,654","839,000",39.538,22.678,3
XEL-2020,Utilities,59.60015869140625,59.4759521484375,2.79,"14,575,000","527,000","1,473,000",67.833,38.529,5
XEL-2021,Utilities,66.49108123779297,65.64726257324219,2.96,"15,612,000","539,000","1,597,000",67.171,38.34,5
XEL-2022,Utilities,63.86454391479492,59.34652709960938,3.18,"16,675,000","547,000","1,736,000",57.25,33.594,5
XEL-2023,Utilities,52.64177703857422,52.87137985229492,3.21,"17,616,000","552,000","1,771,000",59.296,33.894,5
XOM-2020,Energy,48.07781219482422,55.24362182617188,-5.25,"157,150,000","4,274,286","-22,440,000",68.854,35.772,7
XOM-2021,Energy,75.49546813964844,79.15132141113281,5.39,"168,577,000","4,274,583","23,040,000",68.833,33.819,7
XOM-2022,Energy,104.2166748046875,102.7106094360352,13.26,"195,049,000","4,203,620","55,740,000",67.625,30.822,7
XOM-2023,Energy,114.2417297363281,114.1924819946289,8.89,"204,802,000","4,050,619","36,010,000",71.929,31.458,8.5
XYL-2020,Industrials,100.9679641723633,115.4827575683594,1.41,"2,968,000","180,100","254,000",46.55,28.975,3
XYL-2021,Industrials,82.62669372558594,76.0158920288086,2.37,"3,218,000","180,200","427,000",46.658,30.308,3
XYL-2022,Industrials,102.7862548828125,110.9026031494141,1.97,"3,494,000","180,200","355,000",46.963,31.024,3
XYL-2023,Industrials,128.5278472900391,135.2760620117188,2.81,"10,166,000","217,000","609,000",47.55,29.562,3
ZBH-2020,Health Care,151.3379211425781,152.2689514160156,-0.67,"12,194,200","207,000","-138,900",49.683,15.613,7
ZBH-2021,Health Care,125.3506698608398,103.1635437011719,1.93,"12,660,700","208,600","401,600",49.217,17.106,6.333
ZBH-2022,Health Care,127.6807327270508,144.1624755859375,1.10,"12,020,300","209,600","231,400",48.504,20.749,5
ZBH-2023,Health Care,131.4401397705078,108.2893142700195,4.91,"12,480,500","208,700","1,024,000",48.8,22.318,5
ZTS-2020,Health Care,152.9214019775391,181.2458953857422,3.44,"3,769,000","475,502","1,638,000",39.417,11.943,5
ZTS-2021,Health Care,184.1399536132812,168.1035308837891,4.29,"4,543,000","474,300","2,037,000",36.067,15.637,3.667
ZTS-2022,Health Care,163.7049713134766,169.7781372070312,4.51,"4,405,000","468,900","2,114,000",35.588,17.158,3
ZTS-2023,Health Care,167.9476013183594,172.4568786621094,5.08,"4,997,000","461,200","2,344,000",35.1,16.152,3
